Vendor,CVE,Year,Month,Severity,CVSS_Score,CWE_ID
LG,CVE-2019-2308,2019,8,Critical,7.2,264
LG,CVE-2019-2330,2019,8,Critical,4.9,20
LG,CVE-2019-2254,2019,8,Critical,7.5,200
LG,CVE-2019-2130,2019,8,Critical,10,704
LG,CVE-2017-13177,2019,8,Critical,10,119
LG,CVE-2019-10539,2019,8,Critical,,
LG,CVE-2019-10540,2019,8,Critical,,
LG,CVE-2019-2276,2019,8,High,10,125
LG,CVE-2019-2305,2019,8,High,7.5,125
LG,CVE-2019-2278,2019,8,High,7.2,287
LG,CVE-2019-2307,2019,8,High,10,125
LG,CVE-2019-2326,2019,8,High,7.2,129
LG,CVE-2019-2328,2019,8,High,7.2,119
LG,CVE-2019-2235,2019,8,High,4.6,119
LG,CVE-2019-2236,2019,8,High,2.1,476
LG,CVE-2019-2237,2019,8,High,2.1,388
LG,CVE-2019-2238,2019,8,High,4.6,125
LG,CVE-2019-2239,2019,8,High,2.1,20
LG,CVE-2019-2240,2019,8,High,2.1,388
LG,CVE-2019-2241,2019,8,High,2.1,20
LG,CVE-2019-2346,2019,8,High,7.2,129
LG,CVE-2019-2120,2019,8,High,7.2,264
LG,CVE-2019-2121,2019,8,High,6.9,362
LG,CVE-2019-2122,2019,8,High,6.9,264
LG,CVE-2019-2126,2019,8,High,9.3,415
LG,CVE-2019-2128,2019,8,High,7.2,264
LG,CVE-2019-2129,2019,8,High,4.3,125
LG,CVE-2019-2131,2019,8,High,9.3,264
LG,CVE-2019-2132,2019,8,High,9.3,264
LG,CVE-2019-2133,2019,8,High,9.3,787
LG,CVE-2019-2134,2019,8,High,9.3,190
LG,CVE-2019-2135,2019,8,High,7.1,125
LG,CVE-2019-2136,2019,8,High,4.9,125
LG,CVE-2019-2137,2019,8,High,4.9,20
LG,CVE-2017-13279,2019,8,High,4.3,399
LG,CVE-2019-2294,2019,8,High,,
LG,CVE-2019-10538,2019,8,High,,
LG,CVE-2019-2125,2019,8,Medium,4.4,264
LG,CVE-2018-9350,2019,8,Medium,,
LG,CVE-2019-2279,2019,7,Critical,7.5,119
LG,CVE-2019-2287,2019,7,Critical,7.5,787
LG,CVE-2019-2269,2019,7,Critical,7.5,119
LG,CVE-2018-13924,2019,7,Critical,10,119
LG,CVE-2018-13927,2019,7,Critical,7.2,287
LG,CVE-2019-2252,2019,7,Critical,,
LG,CVE-2019-2106,2019,7,Critical,9.3,787
LG,CVE-2019-2107,2019,7,Critical,9.3,787
LG,CVE-2019-2109,2019,7,Critical,9.3,787
LG,CVE-2019-2111,2019,7,Critical,7.5,416
LG,CVE-2018-9526,2019,7,High,5,200
LG,CVE-2019-2101,2019,7,High,4.9,125
LG,CVE-2019-2260,2019,7,High,6.9,362
LG,CVE-2019-2292,2019,7,High,4.6,119
LG,CVE-2018-13896,2019,7,High,7.2,284
LG,CVE-2019-2261,2019,7,High,4.9,16
LG,CVE-2019-2104,2019,7,High,2.1,200
LG,CVE-2019-2105,2019,7,High,6.8,119
LG,CVE-2019-2112,2019,7,High,7.2,416
LG,CVE-2019-2113,2019,7,High,2.1,264
LG,CVE-2019-2116,2019,7,High,5,125
LG,CVE-2019-2117,2019,7,High,2.1,200
LG,CVE-2019-2118,2019,7,High,2.1,200
LG,CVE-2019-2119,2019,7,High,2.1,200
LG,CVE-2018-5912,2019,6,Critical,7.2,119
LG,CVE-2018-13898,2019,6,Critical,7.5,787
LG,CVE-2019-2255,2019,6,Critical,10,119
LG,CVE-2019-2256,2019,6,Critical,10,119
LG,CVE-2019-2093,2019,6,Critical,9.3,787
LG,CVE-2019-2094,2019,6,Critical,9.3,787
LG,CVE-2019-2095,2019,6,Critical,7.6,362
LG,CVE-2019-2097,2019,6,Critical,10,704
LG,CVE-2018-19860,2019,6,High,5.8,264
LG,CVE-2018-11955,2019,6,High,7.5,125
LG,CVE-2018-13919,2019,6,High,7.2,416
LG,CVE-2018-13902,2019,6,High,5,129
LG,CVE-2018-13906,2019,6,High,6.4,20
LG,CVE-2018-13907,2019,6,High,5,119
LG,CVE-2018-13908,2019,6,High,4.6,285
LG,CVE-2018-13909,2019,6,High,6.9,362
LG,CVE-2018-13910,2019,6,High,7.2,125
LG,CVE-2018-13911,2019,6,High,10,125
LG,CVE-2018-5913,2019,6,High,7.2,310
LG,CVE-2019-2257,2019,6,High,7.2,264
LG,CVE-2019-2259,2019,6,High,10,400
LG,CVE-2019-2090,2019,6,High,4.6,275
LG,CVE-2019-2091,2019,6,High,7.2,264
LG,CVE-2019-2092,2019,6,High,7.2,264
LG,CVE-2019-2096,2019,6,High,7.2,415
LG,CVE-2019-2102,2019,6,High,8.3,264
LG,CVE-2019-2098,2019,6,High,7.2,264
LG,CVE-2019-2099,2019,6,High,9.3,787
LG,CVE-2019-2054,2019,6,Medium,4.6,264
LG,CVE-2019-2029,2019,5,Critical,6.8,416
LG,CVE-2018-11940,2019,5,Critical,10,119
LG,CVE-2018-11976,2019,5,Critical,4.9,310
LG,CVE-2018-12004,2019,5,Critical,4.9,200
LG,CVE-2018-13886,2019,5,Critical,10,190
LG,CVE-2018-13887,2019,5,Critical,10,190
LG,CVE-2019-2250,2019,5,Critical,7.2,20
LG,CVE-2019-2044,2019,5,Critical,9.3,787
LG,CVE-2019-2045,2019,5,Critical,10,787
LG,CVE-2019-2046,2019,5,Critical,10,190
LG,CVE-2019-2047,2019,5,Critical,10,787
LG,CVE-2019-2032,2019,5,High,4.6,787
LG,CVE-2019-2037,2019,5,High,5,125
LG,CVE-2019-2041,2019,5,High,6.9,264
LG,CVE-2017-17772,2019,5,High,,
LG,CVE-2018-5855,2019,5,High,10,119
LG,CVE-2018-11299,2019,5,High,7.2,129
LG,CVE-2018-11294,2019,5,High,5.8,20
LG,CVE-2018-11826,2019,5,High,7.2,119
LG,CVE-2018-11827,2019,5,High,7.2,129
LG,CVE-2018-11840,2019,5,High,7.2,415
LG,CVE-2018-11851,2019,5,High,7.2,787
LG,CVE-2018-11860,2019,5,High,7.2,119
LG,CVE-2018-11868,2019,5,High,7.2,119
LG,CVE-2018-11869,2019,5,High,7.2,119
LG,CVE-2018-11878,2019,5,High,7.2,119
LG,CVE-2018-11889,2019,5,High,7.2,119
LG,CVE-2018-11894,2019,5,High,7.2,190
LG,CVE-2018-11895,2019,5,High,7.2,119
LG,CVE-2018-11897,2019,5,High,7.2,125
LG,CVE-2018-11902,2019,5,High,7.2,129
LG,CVE-2018-11904,2019,5,High,7.2,476
LG,CVE-2018-11891,2019,5,High,8.3,129
LG,CVE-2018-11905,2019,5,High,10,119
LG,CVE-2018-11923,2019,5,High,4.6,190
LG,CVE-2018-11924,2019,5,High,4.6,190
LG,CVE-2018-11925,2019,5,High,7.2,190
LG,CVE-2018-11927,2019,5,High,7.2,129
LG,CVE-2018-11930,2019,5,High,10,191
LG,CVE-2018-11937,2019,5,High,10,125
LG,CVE-2018-11949,2019,5,High,10,665
LG,CVE-2018-11953,2019,5,High,10,125
LG,CVE-2018-13920,2019,5,High,7.2,416
LG,CVE-2018-11291,2019,5,High,5,310
LG,CVE-2018-11821,2019,5,High,7.2,190
LG,CVE-2018-11822,2019,5,High,7.2,190
LG,CVE-2018-11828,2019,5,High,7.8,400
LG,CVE-2018-11849,2019,5,High,7.2,119
LG,CVE-2018-11850,2019,5,High,7.2,119
LG,CVE-2018-11853,2019,5,High,7.2,119
LG,CVE-2018-11854,2019,5,High,7.2,119
LG,CVE-2018-11856,2019,5,High,7.2,119
LG,CVE-2018-11859,2019,5,High,7.2,119
LG,CVE-2018-11861,2019,5,High,7.2,119
LG,CVE-2018-11862,2019,5,High,7.2,119
LG,CVE-2018-11867,2019,5,High,7.2,119
LG,CVE-2018-11870,2019,5,High,7.2,119
LG,CVE-2018-11871,2019,5,High,7.2,119
LG,CVE-2018-11872,2019,5,High,7.2,20
LG,CVE-2018-11873,2019,5,High,7.2,20
LG,CVE-2018-11874,2019,5,High,7.2,119
LG,CVE-2018-11875,2019,5,High,7.2,119
LG,CVE-2018-11876,2019,5,High,7.2,119
LG,CVE-2018-11877,2019,5,High,7.2,119
LG,CVE-2018-11879,2019,5,High,7.2,190
LG,CVE-2018-11880,2019,5,High,7.2,119
LG,CVE-2018-11882,2019,5,High,7.2,119
LG,CVE-2018-11884,2019,5,High,7.2,119
LG,CVE-2018-11928,2019,5,High,7.2,119
LG,CVE-2018-11936,2019,5,High,10,400
LG,CVE-2018-11968,2019,5,High,7.2,190
LG,CVE-2018-12012,2019,5,High,7.2,119
LG,CVE-2018-12013,2019,5,High,7.2,125
LG,CVE-2018-13885,2019,5,High,4.9,200
LG,CVE-2018-11967,2019,5,High,7.2,264
LG,CVE-2018-13895,2019,5,High,7.2,284
LG,CVE-2019-2049,2019,5,High,7.2,416
LG,CVE-2019-2050,2019,5,High,7.2,416
LG,CVE-2019-2051,2019,5,High,7.8,125
LG,CVE-2019-2052,2019,5,High,7.8,125
LG,CVE-2019-2053,2019,5,High,4.9,125
LG,CVE-2018-11819,2019,5,Medium,4.6,416
LG,CVE-2016-2428,2019,5,Medium,10,119
LG,CVE-2019-2043,2019,5,Medium,6.9,264
LG,CVE-2017-8252,2019,4,Critical,4.9,285
LG,CVE-2018-11817,2019,4,Critical,,
LG,CVE-2018-11958,2019,4,Critical,4.9,284
LG,CVE-2019-2027,2019,4,Critical,9.3,787
LG,CVE-2019-2028,2019,4,Critical,9.3,20
LG,CVE-2019-2023,2019,4,High,7.2,264
LG,CVE-2018-10883,2019,4,High,4.9,787
LG,CVE-2019-2025,2019,4,High,7.2,416
LG,CVE-2018-13899,2019,4,High,7.2,416
LG,CVE-2018-13917,2019,4,High,,
LG,CVE-2018-11966,2019,4,High,7.2,20
LG,CVE-2018-11970,2019,4,High,7.2,264
LG,CVE-2018-11971,2019,4,High,4.9,200
LG,CVE-2018-13918,2019,4,High,7.2,119
LG,CVE-2018-10879,2019,4,High,6.1,416
LG,CVE-2019-2003,2019,4,High,9.3,264
LG,CVE-2019-2026,2019,4,High,4.6,264
LG,CVE-2019-2030,2019,4,High,7.5,416
LG,CVE-2019-2031,2019,4,High,4.6,787
LG,CVE-2019-2033,2019,4,High,4.6,416
LG,CVE-2019-2034,2019,4,High,6.8,787
LG,CVE-2019-2035,2019,4,High,6.8,787
LG,CVE-2019-2038,2019,4,High,4.3,125
LG,CVE-2019-2039,2019,4,High,4.7,125
LG,CVE-2019-2040,2019,4,High,4.7,125
LG,CVE-2018-11262,2019,3,Critical,7.2,787
LG,CVE-2018-11289,2019,3,Critical,,
LG,CVE-2018-11820,2019,3,Critical,,
LG,CVE-2018-11938,2019,3,Critical,,
LG,CVE-2018-11945,2019,3,Critical,,
LG,CVE-2019-1989,2019,3,Critical,9.3,787
LG,CVE-2019-1990,2019,3,Critical,9.3,787
LG,CVE-2019-2009,2019,3,Critical,8.3,787
LG,CVE-2018-10879,2019,3,High,6.1,416
LG,CVE-2019-1999,2019,3,High,7.2,415
LG,CVE-2019-2000,2019,3,High,,
LG,CVE-2019-2001,2019,3,High,,
LG,CVE-2018-11280,2019,3,High,4.9,20
LG,CVE-2018-11275,2019,3,High,4.9,200
LG,CVE-2018-13900,2019,3,High,,
LG,CVE-2018-13905,2019,3,High,,
LG,CVE-2018-11268,2019,3,High,7.2,129
LG,CVE-2018-11845,2019,3,High,,
LG,CVE-2018-11864,2019,3,High,,
LG,CVE-2018-11921,2019,3,High,7.2,388
LG,CVE-2018-11931,2019,3,High,,
LG,CVE-2018-11932,2019,3,High,,
LG,CVE-2018-11935,2019,3,High,,
LG,CVE-2018-11948,2019,3,High,,
LG,CVE-2018-5839,2019,3,High,,
LG,CVE-2018-13904,2019,3,High,,
LG,CVE-2018-20346,2019,3,High,6.8,190
LG,CVE-2019-1985,2019,3,High,7.2,264
LG,CVE-2019-2004,2019,3,High,4.9,200
LG,CVE-2019-2006,2019,3,High,10,416
LG,CVE-2019-2007,2019,3,High,10,190
LG,CVE-2019-2008,2019,3,High,7.6,362
LG,CVE-2019-2010,2019,3,High,7.2,787
LG,CVE-2019-2011,2019,3,High,7.2,787
LG,CVE-2019-2012,2019,3,High,9.3,787
LG,CVE-2019-2013,2019,3,High,9.3,787
LG,CVE-2019-2014,2019,3,High,9.3,787
LG,CVE-2019-2015,2019,3,High,9.3,787
LG,CVE-2019-2016,2019,3,High,9.3,787
LG,CVE-2019-2017,2019,3,High,7.2,787
LG,CVE-2019-2018,2019,3,High,9.3,264
LG,CVE-2018-9561,2019,3,High,7.1,125
LG,CVE-2018-9563,2019,3,High,7.1,125
LG,CVE-2018-9564,2019,3,High,7.1,125
LG,CVE-2019-2019,2019,3,High,7.1,125
LG,CVE-2019-2020,2019,3,High,7.1,125
LG,CVE-2019-2021,2019,3,High,7.1,125
LG,CVE-2019-2022,2019,3,High,7.1,125
LG,CVE-2019-2005,2019,3,Medium,6.8,264
LG,CVE-2018-11847,2019,2,Critical,,
LG,CVE-2019-1986,2019,2,Critical,,
LG,CVE-2019-1987,2019,2,Critical,,
LG,CVE-2019-1988,2019,2,Critical,,
LG,CVE-2019-1991,2019,2,Critical,,
LG,CVE-2019-1992,2019,2,Critical,,
LG,CVE-2018-10876,2019,2,High,4.9,416
LG,CVE-2018-10880,2019,2,High,7.1,787
LG,CVE-2018-10882,2019,2,High,4.9,787
LG,CVE-2018-13405,2019,2,High,4.6,264
LG,CVE-2018-18281,2019,2,High,4.6,20
LG,CVE-2018-17182,2019,2,High,7.2,416
LG,CVE-2018-10877,2019,2,High,6.8,125
LG,CVE-2018-11962,2019,2,High,,
LG,CVE-2018-12014,2019,2,High,,
LG,CVE-2018-13889,2019,2,High,,
LG,CVE-2018-11888,2019,2,High,,
LG,CVE-2018-13888,2019,2,High,,
LG,CVE-2017-17760,2019,2,High,5,119
LG,CVE-2018-5268,2019,2,High,4.3,119
LG,CVE-2018-5269,2019,2,High,4.3,20
LG,CVE-2019-1993,2019,2,High,,
LG,CVE-2019-1994,2019,2,High,,
LG,CVE-2019-1995,2019,2,High,,
LG,CVE-2019-1996,2019,2,High,,
LG,CVE-2019-1997,2019,2,High,,
LG,CVE-2019-1998,2019,2,High,,
LG,CVE-2017-18009,2019,2,Medium,5,119
LG,CVE-2017-8248,2019,1,Critical,10,119
LG,CVE-2017-11004,2019,1,Critical,2.1,284
LG,CVE-2017-18141,2019,1,Critical,7.2,284
LG,CVE-2018-5913,2019,1,Critical,7.2,310
LG,CVE-2018-11279,2019,1,Critical,,
LG,CVE-2018-9583,2019,1,Critical,,
LG,CVE-2018-9565,2019,1,High,5,125
LG,CVE-2018-10840,2019,1,High,7.2,119
LG,CVE-2018-9568,2019,1,High,7.2,704
LG,CVE-2018-11960,2019,1,High,7.2,416
LG,CVE-2018-11961,2019,1,High,7.2,119
LG,CVE-2018-11963,2019,1,High,7.2,125
LG,CVE-2017-18319,2019,1,High,2.1,320
LG,CVE-2017-18321,2019,1,High,,
LG,CVE-2017-18322,2019,1,High,2.1,200
LG,CVE-2017-18323,2019,1,High,2.1,320
LG,CVE-2017-18324,2019,1,High,2.1,200
LG,CVE-2017-18327,2019,1,High,2.1,310
LG,CVE-2017-18331,2019,1,High,,
LG,CVE-2017-18332,2019,1,High,,
LG,CVE-2017-18160,2019,1,High,,
LG,CVE-2017-18326,2019,1,High,2.1,200
LG,CVE-2017-8276,2019,1,High,4.6,285
LG,CVE-2017-18328,2019,1,High,7.2,416
LG,CVE-2017-18329,2019,1,High,7.2,119
LG,CVE-2017-18330,2019,1,High,7.2,119
LG,CVE-2018-3595,2019,1,High,2.1,388
LG,CVE-2017-18320,2019,1,High,7.2,20
LG,CVE-2018-11999,2019,1,High,4.9,20
LG,CVE-2018-5867,2019,1,High,7.2,119
LG,CVE-2018-5868,2019,1,High,7.2,119
LG,CVE-2018-5869,2019,1,High,7.2,20
LG,CVE-2017-5754,2019,1,High,4.7,200
LG,CVE-2018-5915,2019,1,High,10,19
LG,CVE-2018-9582,2019,1,High,,
LG,CVE-2018-9584,2019,1,High,,
LG,CVE-2018-9585,2019,1,High,,
LG,CVE-2018-9586,2019,1,High,,
LG,CVE-2018-9587,2019,1,High,,
LG,CVE-2018-9588,2019,1,High,,
LG,CVE-2018-9589,2019,1,High,,
LG,CVE-2018-9590,2019,1,High,,
LG,CVE-2018-9591,2019,1,High,,
LG,CVE-2018-9592,2019,1,High,,
LG,CVE-2018-9593,2019,1,High,,
LG,CVE-2018-9594,2019,1,High,,
LG,CVE-2017-18317,2018,12,Critical,7.2,20
LG,CVE-2018-5912,2018,12,Critical,7.2,119
LG,CVE-2018-11264,2018,12,Critical,7.2,119
LG,CVE-2018-9549,2018,12,Critical,9.3,787
LG,CVE-2018-9550,2018,12,Critical,9.3,787
LG,CVE-2018-9551,2018,12,Critical,9.3,787
LG,CVE-2018-9552,2018,12,Critical,4.3,787
LG,CVE-2018-9555,2018,12,Critical,8.3,787
LG,CVE-2018-9556,2018,12,Critical,10,787
LG,CVE-2018-9523,2018,12,High,7.2,20
LG,CVE-2017-15818,2018,12,High,7.2,190
LG,CVE-2018-11995,2018,12,High,7.2,119
LG,CVE-2018-11905,2018,12,High,10,119
LG,CVE-2016-10502,2018,12,High,10,190
LG,CVE-2017-18316,2018,12,High,7.2,284
LG,CVE-2017-18318,2018,12,High,10,20
LG,CVE-2017-18315,2018,12,High,7.2,125
LG,CVE-2018-11994,2018,12,High,7.2,284
LG,CVE-2018-11996,2018,12,High,7.2,129
LG,CVE-2018-5870,2018,12,High,7.2,119
LG,CVE-2018-5877,2018,12,High,7.2,119
LG,CVE-2018-5916,2018,12,High,6.1,125
LG,CVE-2018-5917,2018,12,High,7.2,119
LG,CVE-2018-11269,2018,12,High,7.2,129
LG,CVE-2018-9547,2018,12,High,7.2,20
LG,CVE-2018-9548,2018,12,High,2.1,275
LG,CVE-2018-9553,2018,12,High,9.3,415
LG,CVE-2018-9538,2018,12,High,7.2,125
LG,CVE-2018-9554,2018,12,High,2.1,200
LG,CVE-2018-9557,2018,12,High,7.2,416
LG,CVE-2018-9558,2018,12,High,7.2,787
LG,CVE-2018-9559,2018,12,High,4.6,787
LG,CVE-2018-9560,2018,12,High,4.6,787
LG,CVE-2018-9562,2018,12,High,5,125
LG,CVE-2018-9566,2018,12,High,2.9,125
LG,CVE-2018-9543,2018,12,High,2.1,264
LG,CVE-2018-9527,2018,11,Critical,9.3,787
LG,CVE-2018-9528,2018,11,Critical,6.8,787
LG,CVE-2018-9529,2018,11,Critical,6.8,787
LG,CVE-2018-9530,2018,11,Critical,6.8,787
LG,CVE-2018-9531,2018,11,Critical,9.3,787
LG,CVE-2018-9532,2018,11,Critical,6.8,787
LG,CVE-2018-9533,2018,11,Critical,6.8,119
LG,CVE-2018-9534,2018,11,Critical,6.8,787
LG,CVE-2018-9535,2018,11,Critical,6.8,787
LG,CVE-2018-9536,2018,11,Critical,9.3,787
LG,CVE-2018-9537,2018,11,Critical,9.3,787
LG,CVE-2018-9513,2018,11,High,7.2,415
LG,CVE-2018-9514,2018,11,High,7.2,416
LG,CVE-2018-9515,2018,11,High,7.2,264
LG,CVE-2018-9522,2018,11,High,7.2,787
LG,CVE-2018-9524,2018,11,High,6.9,264
LG,CVE-2018-9525,2018,11,High,7.2,275
LG,CVE-2018-9521,2018,11,High,9.3,787
LG,CVE-2018-9539,2018,11,High,6.9,362
LG,CVE-2018-9540,2018,11,High,5,125
LG,CVE-2018-9542,2018,11,High,5,125
LG,CVE-2018-9543,2018,11,High,2.1,264
LG,CVE-2018-9544,2018,11,High,2.1,125
LG,CVE-2018-9545,2018,11,High,4.6,787
LG,CVE-2018-9541,2018,11,High,5,125
LG,CVE-2018-9347,2018,11,Medium,4.3,20
LG,CVE-2018-9457,2018,11,Medium,2.1,275
LG,CVE-2016-10394,2018,10,Critical,,
LG,CVE-2017-18314,2018,10,Critical,10,284
LG,CVE-2017-18311,2018,10,Critical,7.2,284
LG,CVE-2018-11950,2018,10,Critical,7.2,20
LG,CVE-2018-5866,2018,10,Critical,7.2,119
LG,CVE-2018-11824,2018,10,Critical,7.2,119
LG,CVE-2018-9490,2018,10,Critical,9.3,704
LG,CVE-2018-9473,2018,10,Critical,9.3,190
LG,CVE-2018-9496,2018,10,Critical,9.3,787
LG,CVE-2018-9497,2018,10,Critical,9.3,787
LG,CVE-2018-9498,2018,10,Critical,9.3,787
LG,CVE-2017-13283,2018,10,Critical,10,787
LG,CVE-2018-9476,2018,10,Critical,10,416
LG,CVE-2018-9504,2018,10,Critical,8.3,787
LG,CVE-2018-9468,2018,10,High,,
LG,CVE-2017-5754,2018,10,High,4.7,200
LG,CVE-2018-11816,2018,10,High,,
LG,CVE-2018-11261,2018,10,High,7.2,416
LG,CVE-2018-11836,2018,10,High,7.2,119
LG,CVE-2018-11842,2018,10,High,7.2,119
LG,CVE-2018-11898,2018,10,High,7.2,125
LG,CVE-2016-10408,2018,10,High,,
LG,CVE-2017-18313,2018,10,High,5.7,284
LG,CVE-2017-18312,2018,10,High,7.2,285
LG,CVE-2017-18124,2018,10,High,7.2,119
LG,CVE-2018-3588,2018,10,High,7.2,284
LG,CVE-2018-11951,2018,10,High,4.9,284
LG,CVE-2018-11952,2018,10,High,,
LG,CVE-2018-5871,2018,10,High,3.3,310
LG,CVE-2018-5914,2018,10,High,7.2,129
LG,CVE-2018-11288,2018,10,High,,
LG,CVE-2018-11285,2018,10,High,9.3,125
LG,CVE-2018-11290,2018,10,High,5,310
LG,CVE-2018-11292,2018,10,High,7.2,119
LG,CVE-2018-11287,2018,10,High,10,20
LG,CVE-2018-11846,2018,10,High,4.7,200
LG,CVE-2018-11855,2018,10,High,,
LG,CVE-2018-11857,2018,10,High,7.2,119
LG,CVE-2018-11858,2018,10,High,7.2,119
LG,CVE-2018-11866,2018,10,High,7.2,190
LG,CVE-2018-11865,2018,10,High,7.2,190
LG,CVE-2018-9491,2018,10,High,9.3,190
LG,CVE-2018-9492,2018,10,High,7.2,275
LG,CVE-2018-9493,2018,10,High,2.1,89
LG,CVE-2018-9499,2018,10,High,4.9,200
LG,CVE-2018-9501,2018,10,High,7.2,264
LG,CVE-2018-9502,2018,10,High,6.1,125
LG,CVE-2018-9503,2018,10,High,7.8,125
LG,CVE-2018-9505,2018,10,High,6.1,125
LG,CVE-2018-9506,2018,10,High,6.1,125
LG,CVE-2018-9507,2018,10,High,6.1,125
LG,CVE-2018-9508,2018,10,High,6.1,125
LG,CVE-2018-9509,2018,10,High,6.1,200
LG,CVE-2018-9510,2018,10,High,6.1,200
LG,CVE-2018-9511,2018,10,High,4.9,254
LG,CVE-2017-15825,2018,10,Medium,4.6,125
LG,CVE-2018-11270,2018,10,Medium,4.6,415
LG,CVE-2018-9452,2018,10,Medium,4.3,20
LG,CVE-2017-18296,2018,9,Critical,7.2,284
LG,CVE-2017-18305,2018,9,Critical,6.9,284
LG,CVE-2017-18310,2018,9,Critical,7.2,284
LG,CVE-2018-9475,2018,9,Critical,,
LG,CVE-2018-9478,2018,9,Critical,,
LG,CVE-2018-9479,2018,9,Critical,,
LG,CVE-2018-9411,2018,9,Critical,,
LG,CVE-2018-9427,2018,9,Critical,9.3,787
LG,CVE-2017-18249,2018,9,High,4.4,362
LG,CVE-2018-9465,2018,9,High,4.6,416
LG,CVE-2018-5383,2018,9,High,4.3,310
LG,CVE-2017-13077,2018,9,High,5.4,254
LG,CVE-2017-18281,2018,9,High,2.1,125
LG,CVE-2018-11260,2018,9,High,4.6,190
LG,CVE-2017-18295,2018,9,High,7.2,119
LG,CVE-2017-18283,2018,9,High,6.1,20
LG,CVE-2017-18294,2018,9,High,7.2,20
LG,CVE-2017-18293,2018,9,High,7.2,284
LG,CVE-2017-18292,2018,9,High,4.9,20
LG,CVE-2017-18298,2018,9,High,7.2,476
LG,CVE-2017-18299,2018,9,High,4.9,284
LG,CVE-2017-18304,2018,9,High,7.2,125
LG,CVE-2017-18303,2018,9,High,7.2,119
LG,CVE-2017-18301,2018,9,High,4.9,476
LG,CVE-2017-18302,2018,9,High,4.7,362
LG,CVE-2017-18300,2018,9,High,4.9,200
LG,CVE-2017-18297,2018,9,High,7.2,415
LG,CVE-2017-18280,2018,9,High,7.2,284
LG,CVE-2017-18282,2018,9,High,7.2,284
LG,CVE-2017-18309,2018,9,High,6.6,129
LG,CVE-2017-18308,2018,9,High,7.2,284
LG,CVE-2018-11305,2018,9,High,7.2,416
LG,CVE-2018-11258,2018,9,High,4.6,416
LG,CVE-2018-9466,2018,9,High,,
LG,CVE-2018-9467,2018,9,High,,
LG,CVE-2018-9469,2018,9,High,,
LG,CVE-2018-9470,2018,9,High,,
LG,CVE-2018-9471,2018,9,High,,
LG,CVE-2018-9472,2018,9,High,,
LG,CVE-2018-9474,2018,9,High,,
LG,CVE-2018-9456,2018,9,High,,
LG,CVE-2018-9477,2018,9,High,,
LG,CVE-2018-9480,2018,9,High,,
LG,CVE-2018-9481,2018,9,High,,
LG,CVE-2018-9482,2018,9,High,,
LG,CVE-2018-9483,2018,9,High,,
LG,CVE-2018-9484,2018,9,High,,
LG,CVE-2018-9485,2018,9,High,,
LG,CVE-2018-9486,2018,9,High,,
LG,CVE-2018-9487,2018,9,High,,
LG,CVE-2018-9440,2018,9,Medium,,
LG,CVE-2018-9488,2018,9,Medium,4.6,264
LG,CVE-2018-9427,2018,8,Critical,9.3,787
LG,CVE-2018-9446,2018,8,Critical,10,787
LG,CVE-2018-9450,2018,8,Critical,9,787
LG,CVE-2016-2108,2018,8,Critical,10,119
LG,CVE-2018-11259,2018,8,Critical,3.6,284
LG,CVE-2018-11257,2018,8,Critical,4.6,264
LG,CVE-2018-9445,2018,8,High,7.2,22
LG,CVE-2018-9438,2018,8,High,4.7,264
LG,CVE-2018-9458,2018,8,High,,
LG,CVE-2018-9451,2018,8,High,4.9,125
LG,CVE-2018-9444,2018,8,High,7.1,400
LG,CVE-2018-9437,2018,8,High,7.1,125
LG,CVE-2018-9455,2018,8,High,7.8,125
LG,CVE-2018-9436,2018,8,High,7.8,125
LG,CVE-2018-9454,2018,8,High,4.9,125
LG,CVE-2018-9448,2018,8,High,7.8,125
LG,CVE-2018-9453,2018,8,High,4.9,125
LG,CVE-2018-9422,2018,8,High,7.2,416
LG,CVE-2018-9417,2018,8,High,,
LG,CVE-2018-6927,2018,8,High,4.6,190
LG,CVE-2018-5873,2018,8,High,6.9,416
LG,CVE-2018-5838,2018,8,High,4.6,129
LG,CVE-2018-3586,2018,8,High,10,190
LG,CVE-2017-18172,2018,8,High,7.2,190
LG,CVE-2017-15841,2018,8,High,4.9,285
LG,CVE-2017-18173,2018,8,High,7.2,190
LG,CVE-2017-18278,2018,8,High,7.2,191
LG,CVE-2017-18279,2018,8,High,7.2,190
LG,CVE-2018-5878,2018,8,High,7.5,119
LG,CVE-2018-9433,2018,7,Critical,,
LG,CVE-2018-9411,2018,7,Critical,,
LG,CVE-2018-9365,2018,7,Critical,,
LG,CVE-2018-9364,2018,7,Critical,,
LG,CVE-2018-9373,2018,7,Critical,,
LG,CVE-2017-18158,2018,7,Critical,7.2,119
LG,CVE-2018-3569,2018,7,Critical,7.2,119
LG,CVE-2017-18155,2018,7,Critical,4.6,20
LG,CVE-2018-5854,2018,7,Critical,4.6,119
LG,CVE-2018-9410,2018,7,High,,
LG,CVE-2018-9424,2018,7,High,,
LG,CVE-2018-9428,2018,7,High,,
LG,CVE-2018-9412,2018,7,High,,
LG,CVE-2018-9421,2018,7,High,,
LG,CVE-2018-9432,2018,7,High,,
LG,CVE-2018-9420,2018,7,High,,
LG,CVE-2018-9419,2018,7,High,,
LG,CVE-2018-5383,2018,7,High,4.3,310
LG,CVE-2018-9363,2018,7,High,7.2,190
LG,CVE-2017-17806,2018,7,High,7.2,119
LG,CVE-2017-17807,2018,7,High,2.1,284
LG,CVE-2017-17558,2018,7,High,7.2,787
LG,CVE-2018-9409,2018,7,High,,
LG,CVE-2018-9366,2018,7,High,,
LG,CVE-2018-9367,2018,7,High,,
LG,CVE-2018-9368,2018,7,High,,
LG,CVE-2018-9369,2018,7,High,,
LG,CVE-2018-9370,2018,7,High,,
LG,CVE-2018-9371,2018,7,High,,
LG,CVE-2018-9372,2018,7,High,,
LG,CVE-2017-13077,2018,7,High,5.4,254
LG,CVE-2018-5896,2018,7,High,6.6,125
LG,CVE-2018-5829,2018,7,High,7.8,119
LG,CVE-2018-5383,2018,7,High,4.3,310
LG,CVE-2017-18159,2018,7,High,7.2,125
LG,CVE-2018-5835,2018,7,High,7.2,119
LG,CVE-2018-5834,2018,7,High,4.6,119
LG,CVE-2018-5831,2018,7,High,7.2,416
LG,CVE-2018-5830,2018,7,High,7.2,119
LG,CVE-2017-18157,2018,7,High,7.2,416
LG,CVE-2017-18156,2018,7,High,7.2,416
LG,CVE-2018-5892,2018,7,High,5,16
LG,CVE-2018-5891,2018,7,High,4.6,416
LG,CVE-2018-5885,2018,7,High,7.5,119
LG,CVE-2018-5894,2018,7,High,4.3,125
LG,CVE-2018-5884,2018,7,High,4.6,284
LG,CVE-2018-5383,2018,7,High,4.3,310
LG,CVE-2017-0564,2018,7,High,9.3,264
LG,CVE-2018-9341,2018,6,Critical,,
LG,CVE-2018-5146,2018,6,Critical,6.8,787
LG,CVE-2017-13230,2018,6,Critical,9.3,787
LG,CVE-2018-9355,2018,6,Critical,10,787
LG,CVE-2018-9356,2018,6,Critical,10,415
LG,CVE-2018-3580,2018,6,Critical,9.3,119
LG,CVE-2018-9338,2018,6,High,,
LG,CVE-2018-9339,2018,6,High,,
LG,CVE-2017-13227,2018,6,High,,
LG,CVE-2018-9340,2018,6,High,,
LG,CVE-2018-9344,2018,6,High,,
LG,CVE-2018-9345,2018,6,High,,
LG,CVE-2018-9346,2018,6,High,,
LG,CVE-2018-9347,2018,6,High,4.3,20
LG,CVE-2018-9348,2018,6,High,,
LG,CVE-2018-9357,2018,6,High,7.2,787
LG,CVE-2018-9358,2018,6,High,7.8,200
LG,CVE-2018-9359,2018,6,High,7.8,125
LG,CVE-2018-9360,2018,6,High,7.8,125
LG,CVE-2018-9361,2018,6,High,7.8,125
LG,CVE-2018-9362,2018,6,High,7.8,20
LG,CVE-2017-16643,2018,6,High,7.2,125
LG,CVE-2018-5841,2018,6,High,9.3,19
LG,CVE-2018-5850,2018,6,High,9.3,191
LG,CVE-2018-5846,2018,6,High,9.3,416
LG,CVE-2018-5845,2018,6,High,7.6,416
LG,CVE-2018-5840,2018,6,High,9.3,264
LG,CVE-2017-18154,2018,6,High,7.2,264
LG,CVE-2018-3578,2018,6,High,9.3,119
LG,CVE-2018-3565,2018,6,High,9.3,119
LG,CVE-2017-13077,2018,6,High,5.4,254
LG,CVE-2018-3562,2018,6,High,7.1,119
LG,CVE-2017-13292,2018,5,Critical,10,787
LG,CVE-2017-15822,2018,5,Critical,8.3,119
LG,CVE-2017-18071,2018,5,Critical,10,264
LG,CVE-2017-8274,2018,5,Critical,10,284
LG,CVE-2017-18146,2018,5,Critical,10,347
LG,CVE-2017-18128,2018,5,Critical,7.8,284
LG,CVE-2018-3592,2018,5,Critical,10,476
LG,CVE-2018-3591,2018,5,Critical,10,264
LG,CVE-2017-13309,2018,5,High,,
LG,CVE-2017-13310,2018,5,High,,
LG,CVE-2017-13311,2018,5,High,,
LG,CVE-2017-13312,2018,5,High,,
LG,CVE-2017-13313,2018,5,High,,
LG,CVE-2017-13314,2018,5,High,,
LG,CVE-2017-13315,2018,5,High,,
LG,CVE-2017-13293,2018,5,High,7.2,787
LG,CVE-2017-5754,2018,5,High,4.7,200
LG,CVE-2017-1653,2018,5,High,3.5,79
LG,CVE-2017-17770,2018,5,High,9.3,476
LG,CVE-2018-3566,2018,5,High,6.8,119
LG,CVE-2018-3563,2018,5,High,6.8,476
LG,CVE-2017-13077,2018,5,High,5.4,254
LG,CVE-2017-18074,2018,5,High,10,20
LG,CVE-2017-18073,2018,5,High,5,264
LG,CVE-2017-18125,2018,5,High,5,384
LG,CVE-2017-8275,2018,5,High,10,190
LG,CVE-2017-11011,2018,5,High,10,416
LG,CVE-2017-18137,2018,5,High,10,119
LG,CVE-2017-18134,2018,5,High,10,119
LG,CVE-2017-18136,2018,5,High,10,416
LG,CVE-2017-18140,2018,5,High,10,416
LG,CVE-2017-18135,2018,5,High,10,119
LG,CVE-2017-18142,2018,5,High,10,119
LG,CVE-2017-18138,2018,5,High,10,119
LG,CVE-2017-18139,2018,5,High,10,119
LG,CVE-2017-18129,2018,5,High,10,264
LG,CVE-2017-18132,2018,5,High,10,119
LG,CVE-2017-18133,2018,5,High,10,119
LG,CVE-2017-18072,2018,5,High,5,200
LG,CVE-2017-18126,2018,5,High,5,254
LG,CVE-2017-18144,2018,5,High,10,416
LG,CVE-2017-18145,2018,5,High,10,416
LG,CVE-2017-18147,2018,5,High,7.5,20
LG,CVE-2017-18130,2018,5,High,10,119
LG,CVE-2017-18143,2018,5,High,5,254
LG,CVE-2017-18127,2018,5,High,10,119
LG,CVE-2018-3590,2018,5,High,10,416
LG,CVE-2018-3593,2018,5,High,10,415
LG,CVE-2018-3589,2018,5,High,10,119
LG,CVE-2018-3594,2018,5,High,10,119
LG,CVE-2017-13276,2018,4,Critical,6.8,119
LG,CVE-2017-13277,2018,4,Critical,9.3,787
LG,CVE-2017-13281,2018,4,Critical,10,119
LG,CVE-2017-13282,2018,4,Critical,10,119
LG,CVE-2017-13283,2018,4,Critical,10,787
LG,CVE-2017-13267,2018,4,Critical,10,119
LG,CVE-2017-13284,2018,4,Critical,10,20
LG,CVE-2017-18067,2018,4,Critical,10,20
LG,CVE-2017-15815,2018,4,Critical,10,119
LG,CVE-2017-17773,2018,4,Critical,10,20
LG,CVE-2017-13274,2018,4,High,7.5,346
LG,CVE-2017-13275,2018,4,High,1.9,125
LG,CVE-2017-13278,2018,4,High,7.5,416
LG,CVE-2017-13279,2018,4,High,4.3,399
LG,CVE-2017-13280,2018,4,High,5,125
LG,CVE-2017-13285,2018,4,High,10,787
LG,CVE-2017-13286,2018,4,High,7.2,264
LG,CVE-2017-13287,2018,4,High,7.2,20
LG,CVE-2017-13288,2018,4,High,7.2,264
LG,CVE-2017-13289,2018,4,High,7.2,264
LG,CVE-2017-13290,2018,4,High,2.1,125
LG,CVE-2017-13291,2018,4,High,7.8,476
LG,CVE-2017-16530,2018,4,High,7.2,125
LG,CVE-2017-16525,2018,4,High,7.2,416
LG,CVE-2017-16535,2018,4,High,7.2,125
LG,CVE-2017-16533,2018,4,High,7.2,125
LG,CVE-2017-16531,2018,4,High,7.2,119
LG,CVE-2017-16529,2018,4,High,7.2,125
LG,CVE-2017-18068,2018,4,High,7.2,119
LG,CVE-2017-18056,2018,4,High,7.2,125
LG,CVE-2017-18063,2018,4,High,7.2,20
LG,CVE-2017-18064,2018,4,High,7.2,20
LG,CVE-2017-15821,2018,4,High,7.2,119
LG,CVE-2017-14885,2018,4,High,7.2,119
LG,CVE-2017-18069,2018,4,High,7.8,119
LG,CVE-2017-14882,2018,4,High,7.8,119
LG,CVE-2017-14878,2018,4,High,7.8,20
LG,CVE-2016-10393,2018,4,High,10,190
LG,CVE-2017-13248,2018,3,Critical,9.3,787
LG,CVE-2017-13249,2018,3,Critical,9.3,787
LG,CVE-2017-13250,2018,3,Critical,9.3,787
LG,CVE-2017-13251,2018,3,Critical,9.3,787
LG,CVE-2017-13255,2018,3,Critical,8.3,787
LG,CVE-2017-13256,2018,3,Critical,8.3,787
LG,CVE-2017-13272,2018,3,Critical,10,416
LG,CVE-2017-13266,2018,3,Critical,10,119
LG,CVE-2017-15817,2018,3,Critical,9.3,20
LG,CVE-2017-15860,2018,3,Critical,9.3,119
LG,CVE-2017-13252,2018,3,High,9.3,20
LG,CVE-2017-13253,2018,3,High,9.3,787
LG,CVE-2017-13257,2018,3,High,4.3,416
LG,CVE-2017-13258,2018,3,High,5,125
LG,CVE-2017-13259,2018,3,High,5,125
LG,CVE-2017-13260,2018,3,High,5,125
LG,CVE-2017-13261,2018,3,High,5,125
LG,CVE-2017-13262,2018,3,High,3.3,125
LG,CVE-2017-15265,2018,3,High,6.9,416
LG,CVE-2015-9016,2018,3,High,6.9,362
LG,CVE-2017-13273,2018,3,High,6.9,264
LG,CVE-2017-11041,2018,3,High,9.3,284
LG,CVE-2017-17767,2018,3,High,7.2,119
LG,CVE-2017-17765,2018,3,High,7.2,119
LG,CVE-2017-15862,2018,3,High,7.2,190
LG,CVE-2017-14884,2018,3,High,7.2,119
LG,CVE-2017-15829,2018,3,High,6.9,362
LG,CVE-2017-15820,2018,3,High,7.2,416
LG,CVE-2017-17764,2018,3,High,7.2,190
LG,CVE-2017-15861,2018,3,High,7.2,129
LG,CVE-2017-13228,2018,2,Critical,9.3,787
LG,CVE-2017-13230,2018,2,Critical,9.3,787
LG,CVE-2017-14911,2018,2,Critical,10,287
LG,CVE-2017-13230,2018,2,High,9.3,787
LG,CVE-2017-13231,2018,2,High,7.2,787
LG,CVE-2017-13232,2018,2,High,7.8,787
LG,CVE-2017-13233,2018,2,High,7.1,400
LG,CVE-2017-13234,2018,2,High,7.1,400
LG,CVE-2017-0837,2018,2,High,7.2,264
LG,CVE-2017-1449,2018,2,High,4.9,601
LG,CVE-2017-13215,2018,2,High,7.2,264
LG,CVE-2017-13216,2018,2,High,7.2,787
LG,CVE-2017-13218,2018,2,High,4.7,200
LG,CVE-2017-13217,2018,2,High,7.2,787
LG,CVE-2017-13183,2018,2,High,6.2,362
LG,CVE-2017-13225,2018,2,High,9.3,119
LG,CVE-2017-15849,2018,2,High,9.3,416
LG,CVE-2017-11069,2018,2,High,9.3,119
LG,CVE-2017-14906,2018,2,High,10,
LG,CVE-2017-14912,2018,2,High,10,119
LG,CVE-2017-14913,2018,2,High,10,20
LG,CVE-2017-14915,2018,2,High,10,416
LG,CVE-2017-11010,2018,2,High,10,284
LG,CVE-2013-4397,2018,2,High,6.8,189
LG,CVE-2017-14910,2018,2,High,10,20
LG,CVE-2017-13236,2018,2,Medium,4.6,264
LG,CVE-2017-13177,2018,1,Critical,10,119
LG,CVE-2017-13178,2018,1,Critical,10,787
LG,CVE-2017-13179,2018,1,Critical,10,787
LG,CVE-2017-13208,2018,1,Critical,10,264
LG,CVE-2017-11043,2018,1,Critical,9.3,190
LG,CVE-2016-3706,2018,1,Critical,5,20
LG,CVE-2016-4429,2018,1,Critical,7.5,20
LG,CVE-2017-6211,2018,1,Critical,10,119
LG,CVE-2017-13176,2018,1,High,9.3,20
LG,CVE-2017-13180,2018,1,High,7.2,787
LG,CVE-2017-13181,2018,1,High,7.2,415
LG,CVE-2017-13182,2018,1,High,7.2,190
LG,CVE-2017-13184,2018,1,High,7.2,416
LG,CVE-2017-0855,2018,1,High,7.8,119
LG,CVE-2017-13191,2018,1,High,7.8,399
LG,CVE-2017-13192,2018,1,High,7.8,400
LG,CVE-2017-13193,2018,1,High,7.8,400
LG,CVE-2017-13195,2018,1,High,7.8,400
LG,CVE-2017-13196,2018,1,High,7.8,119
LG,CVE-2017-13197,2018,1,High,7.8,119
LG,CVE-2017-13199,2018,1,High,7.8,399
LG,CVE-2017-13209,2018,1,High,7.2,275
LG,CVE-2017-13210,2018,1,High,7.2,787
LG,CVE-2017-13211,2018,1,High,7.8,400
LG,CVE-2017-0770,2018,1,High,9.3,264
LG,CVE-2017-13162,2018,1,High,9.3,264
LG,CVE-2017-0564,2018,1,High,9.3,264
LG,CVE-2017-7533,2018,1,High,6.9,362
LG,CVE-2017-13174,2018,1,High,7.2,264
LG,CVE-2017-13170,2018,1,High,7.2,264
LG,CVE-2017-13171,2018,1,High,7.2,264
LG,CVE-2017-13173,2018,1,High,7.2,264
LG,CVE-2017-11007,2018,1,High,7.2,119
LG,CVE-2017-14904,2018,1,High,7.2,264
LG,CVE-2017-9716,2018,1,High,7.2,264
LG,CVE-2017-14897,2018,1,High,7.2,119
LG,CVE-2017-14902,2018,1,High,6.9,416
LG,CVE-2017-14895,2018,1,High,7.2,264
LG,CVE-2017-14908,2018,1,High,10,20
LG,CVE-2017-14909,2018,1,High,10,20
LG,CVE-2017-14914,2018,1,High,10,20
LG,CVE-2017-14916,2018,1,High,10,119
LG,CVE-2017-14917,2018,1,High,10,119
LG,CVE-2017-14918,2018,1,High,10,416
LG,CVE-2017-11005,2018,1,High,10,416
LG,CVE-2017-11006,2018,1,High,10,416
LG,CVE-2017-0872,2017,12,Critical,9.3,20
LG,CVE-2017-0876,2017,12,Critical,9.3,20
LG,CVE-2017-0877,2017,12,Critical,9.3,20
LG,CVE-2017-0878,2017,12,Critical,9.3,20
LG,CVE-2017-13151,2017,12,Critical,9.3,264
LG,CVE-2017-13160,2017,12,Critical,10,264
LG,CVE-2015-3868,2017,12,Critical,10,119
LG,CVE-2017-0675,2017,12,Critical,9.3,264
LG,CVE-2017-11013,2017,12,Critical,9.3,264
LG,CVE-2017-11015,2017,12,Critical,9.3,264
LG,CVE-2017-11014,2017,12,Critical,9.3,264
LG,CVE-2017-0427,2017,12,Critical,9.3,264
LG,CVE-2017-0807,2017,12,High,10,264
LG,CVE-2017-0870,2017,12,High,7.2,264
LG,CVE-2017-0871,2017,12,High,7.2,264
LG,CVE-2017-13153,2017,12,High,7.2,264
LG,CVE-2017-0837,2017,12,High,7.2,264
LG,CVE-2017-0873,2017,12,High,7.1,20
LG,CVE-2017-0874,2017,12,High,7.1,20
LG,CVE-2017-0880,2017,12,High,7.1,264
LG,CVE-2017-13148,2017,12,High,7.1,20
LG,CVE-2017-13156,2017,12,High,7.2,264
LG,CVE-2017-13157,2017,12,High,7.8,200
LG,CVE-2017-13158,2017,12,High,7.8,200
LG,CVE-2017-13159,2017,12,High,7.8,200
LG,CVE-2017-13077,2017,12,High,5.4,254
LG,CVE-2017-9077,2017,12,High,7.2,19
LG,CVE-2017-7541,2017,12,High,7.2,119
LG,CVE-2017-0843,2017,12,High,7.2,264
LG,CVE-2017-11092,2017,12,High,9.3,416
LG,CVE-2017-9690,2017,12,High,7.2,119
LG,CVE-2017-11017,2017,12,High,4.6,119
LG,CVE-2017-11028,2017,12,High,5,200
LG,CVE-2017-0832,2017,11,Critical,9.3,284
LG,CVE-2017-0833,2017,11,Critical,9.3,284
LG,CVE-2017-0834,2017,11,Critical,9.3,284
LG,CVE-2017-0835,2017,11,Critical,9.3,284
LG,CVE-2017-0836,2017,11,Critical,9.3,264
LG,CVE-2017-0841,2017,11,Critical,9.3,264
LG,CVE-2017-0830,2017,11,High,9.3,264
LG,CVE-2017-0831,2017,11,High,9.3,264
LG,CVE-2017-0838,2017,11,High,7.2,264
LG,CVE-2017-0839,2017,11,High,5,200
LG,CVE-2017-0840,2017,11,High,5,200
LG,CVE-2017-0842,2017,11,High,7.2,264
LG,CVE-2017-0809,2017,10,Critical,9.3,284
LG,CVE-2017-0810,2017,10,Critical,9.3,284
LG,CVE-2017-0811,2017,10,Critical,9.3,284
LG,CVE-2017-11120,2017,10,Critical,10,119
LG,CVE-2017-11121,2017,10,Critical,10,119
LG,CVE-2017-7065,2017,10,Critical,5.8,119
LG,CVE-2017-8890,2017,10,Critical,7.2,415
LG,CVE-2017-11041,2017,10,Critical,9.3,284
LG,CVE-2017-0806,2017,10,High,9.3,264
LG,CVE-2017-14496,2017,10,High,7.8,191
LG,CVE-2017-0786,2017,10,High,5.8,264
LG,CVE-2017-9076,2017,10,High,7.2,19
LG,CVE-2017-9150,2017,10,High,2.1,200
LG,CVE-2017-7487,2017,10,High,7.2,416
LG,CVE-2017-6214,2017,10,High,5,399
LG,CVE-2017-6346,2017,10,High,6.9,416
LG,CVE-2017-5897,2017,10,High,7.5,125
LG,CVE-2017-7495,2017,10,High,2.1,200
LG,CVE-2017-0795,2017,10,High,9.3,264
LG,CVE-2017-0796,2017,10,High,9.3,264
LG,CVE-2017-0797,2017,10,High,9.3,264
LG,CVE-2017-0798,2017,10,High,9.3,264
LG,CVE-2017-0799,2017,10,High,9.3,264
LG,CVE-2017-0801,2017,10,High,9.3,264
LG,CVE-2017-10996,2017,10,High,7.1,200
LG,CVE-2017-9725,2017,10,High,9.3,264
LG,CVE-2017-9724,2017,10,High,9.3,264
LG,CVE-2017-8278,2017,10,High,9.3,264
LG,CVE-2017-0815,2017,10,Medium,4.3,200
LG,CVE-2017-0816,2017,10,Medium,4.3,200
LG,CVE-2017-0787,2017,10,Medium,5.8,264
LG,CVE-2017-0788,2017,10,Medium,5.8,264
LG,CVE-2017-0789,2017,10,Medium,5.8,264
LG,CVE-2017-0790,2017,10,Medium,5.8,264
LG,CVE-2017-0791,2017,10,Medium,5.8,264
LG,CVE-2017-0792,2017,10,Medium,3.3,200
LG,CVE-2017-7616,2017,10,Medium,2.1,388
LG,CVE-2017-12146,2017,10,Medium,6.9,362
LG,CVE-2017-0794,2017,10,Medium,6.8,264
LG,CVE-2017-0802,2017,10,Medium,6.8,264
LG,CVE-2017-0803,2017,10,Medium,6.8,264
LG,CVE-2017-0804,2017,10,Medium,6.8,264
LG,CVE-2017-10999,2017,10,Medium,6.8,264
LG,CVE-2017-11001,2017,10,Medium,4.3,200
LG,CVE-2017-11002,2017,10,Medium,4.3,200
LG,CVE-2017-9677,2017,10,Medium,6.8,264
LG,CVE-2017-10998,2017,10,Medium,6.8,264
LG,CVE-2017-9676,2017,10,Medium,2.6,416
LG,CVE-2017-8280,2017,10,Medium,5.1,119
LG,CVE-2017-8251,2017,10,Medium,6.8,264
LG,CVE-2017-10997,2017,10,Medium,6.8,264
LG,CVE-2017-11000,2017,10,Medium,6.8,264
LG,CVE-2017-8247,2017,10,Medium,6.8,264
LG,CVE-2017-9270,2017,10,Medium,8.5,20
LG,CVE-2017-8277,2017,10,Medium,6.8,264
LG,CVE-2017-11040,2017,10,Medium,4.3,200
LG,CVE-2017-0756,2017,9,Critical,9.3,284
LG,CVE-2017-0757,2017,9,Critical,9.3,284
LG,CVE-2017-0758,2017,9,Critical,9.3,264
LG,CVE-2017-0759,2017,9,Critical,9.3,284
LG,CVE-2017-0760,2017,9,Critical,9.3,284
LG,CVE-2017-0761,2017,9,Critical,9.3,284
LG,CVE-2017-0762,2017,9,Critical,9.3,284
LG,CVE-2017-0763,2017,9,Critical,9.3,284
LG,CVE-2017-0764,2017,9,Critical,9.3,284
LG,CVE-2017-0765,2017,9,Critical,9.3,284
LG,CVE-2017-0781,2017,9,Critical,8.3,284
LG,CVE-2017-0782,2017,9,Critical,8.3,284
LG,CVE-2016-0842,2017,9,Critical,10,119
LG,CVE-2017-0752,2017,9,High,9.3,264
LG,CVE-2017-0753,2017,9,High,9.3,284
LG,CVE-2017-6983,2017,9,High,6.8,119
LG,CVE-2017-0755,2017,9,High,9.3,264
LG,CVE-2017-0766,2017,9,High,9.3,284
LG,CVE-2017-0767,2017,9,High,9.3,264
LG,CVE-2017-0768,2017,9,High,9.3,264
LG,CVE-2017-0769,2017,9,High,9.3,264
LG,CVE-2017-0770,2017,9,High,9.3,264
LG,CVE-2017-0771,2017,9,High,7.1,284
LG,CVE-2017-0772,2017,9,High,7.1,284
LG,CVE-2017-0773,2017,9,High,7.1,284
LG,CVE-2017-0774,2017,9,High,7.1,284
LG,CVE-2017-0775,2017,9,High,7.1,284
LG,CVE-2017-0780,2017,9,High,7.1,284
LG,CVE-2017-0783,2017,9,High,6.1,200
LG,CVE-2017-0670,2017,9,High,4.3,264
LG,CVE-2016-6712,2017,9,High,7.1,20
LG,CVE-2017-10661,2017,9,High,7.6,416
LG,CVE-2017-0776,2017,9,Medium,4.3,200
LG,CVE-2017-0777,2017,9,Medium,4.3,200
LG,CVE-2017-0778,2017,9,Medium,7.8,284
LG,CVE-2017-0779,2017,9,Medium,4.3,200
LG,CVE-2017-0784,2017,9,Medium,5.8,264
LG,CVE-2017-0785,2017,9,Medium,3.3,200
LG,CVE-2017-0740,2017,9,Medium,6.8,284
LG,CVE-2017-0749,2017,9,Medium,6.8,264
LG,CVE-2017-0742,2017,9,Medium,6.8,264
LG,CVE-2017-0746,2017,9,Medium,6.8,264
LG,CVE-2017-0747,2017,9,Medium,6.8,264
LG,CVE-2017-9678,2017,9,Medium,9.3,119
LG,CVE-2017-9691,2017,9,Medium,1.9,362
LG,CVE-2017-9684,2017,9,Medium,7.6,416
LG,CVE-2017-9682,2017,9,Medium,2.6,362
LG,CVE-2017-0714,2017,8,Critical,9.3,284
LG,CVE-2017-0715,2017,8,Critical,9.3,264
LG,CVE-2017-0716,2017,8,Critical,9.3,264
LG,CVE-2017-0718,2017,8,Critical,9.3,264
LG,CVE-2017-0719,2017,8,Critical,9.3,264
LG,CVE-2017-0720,2017,8,Critical,9.3,264
LG,CVE-2017-0721,2017,8,Critical,9.3,264
LG,CVE-2017-0722,2017,8,Critical,9.3,264
LG,CVE-2017-0723,2017,8,Critical,9.3,264
LG,CVE-2017-0745,2017,8,Critical,9.3,264
LG,CVE-2017-0407,2017,8,Critical,9.3,119
LG,CVE-2017-9417,2017,8,Critical,7.5,284
LG,CVE-2017-0713,2017,8,High,6.8,284
LG,CVE-2017-0724,2017,8,High,4.3,264
LG,CVE-2017-0725,2017,8,High,4.3,264
LG,CVE-2017-0726,2017,8,High,4.3,264
LG,CVE-2017-0727,2017,8,High,6.8,264
LG,CVE-2017-0728,2017,8,High,4.3,264
LG,CVE-2017-0729,2017,8,High,6.8,264
LG,CVE-2017-0730,2017,8,High,4.3,264
LG,CVE-2017-0731,2017,8,High,6.8,264
LG,CVE-2017-0732,2017,8,High,6.8,264
LG,CVE-2017-0733,2017,8,High,4.3,264
LG,CVE-2017-0734,2017,8,High,4.3,264
LG,CVE-2017-0735,2017,8,High,4.3,264
LG,CVE-2017-0736,2017,8,High,7.1,264
LG,CVE-2017-0687,2017,8,High,4.3,284
LG,CVE-2017-0737,2017,8,High,6.8,264
LG,CVE-2017-6074,2017,8,High,7.2,415
LG,CVE-2017-5970,2017,8,High,5,284
LG,CVE-2017-0711,2017,8,High,9.3,264
LG,CVE-2017-8255,2017,8,High,9.3,190
LG,CVE-2016-10389,2017,8,High,9.3,119
LG,CVE-2017-8253,2017,8,High,9.3,264
LG,CVE-2017-8262,2017,8,High,7.6,416
LG,CVE-2017-8263,2017,8,High,9.3,19
LG,CVE-2017-8267,2017,8,High,7.6,190
LG,CVE-2017-8273,2017,8,High,6.8,119
LG,CVE-2017-0712,2017,8,Medium,6.8,264
LG,CVE-2017-0738,2017,8,Medium,4.3,264
LG,CVE-2017-0739,2017,8,Medium,4.3,200
LG,CVE-2017-0705,2017,8,Medium,7.2,264
LG,CVE-2017-0706,2017,8,Medium,7.2,264
LG,CVE-2015-5707,2017,8,Medium,4.6,189
LG,CVE-2017-0710,2017,8,Medium,6.8,264
LG,CVE-2017-7308,2017,8,Medium,7.2,119
LG,CVE-2014-9731,2017,8,Medium,2.1,17
LG,CVE-2016-5863,2017,8,Medium,9.3,264
LG,CVE-2017-8243,2017,8,Medium,9.3,119
LG,CVE-2017-8246,2017,8,Medium,4.6,416
LG,CVE-2017-8256,2017,8,Medium,6.8,264
LG,CVE-2017-8257,2017,8,Medium,6.8,264
LG,CVE-2017-8259,2017,8,Medium,6.8,119
LG,CVE-2017-8260,2017,8,Medium,6.8,787
LG,CVE-2017-8261,2017,8,Medium,6.8,264
LG,CVE-2017-8264,2017,8,Medium,6.8,264
LG,CVE-2017-8265,2017,8,Medium,5.1,415
LG,CVE-2017-8266,2017,8,Medium,5.1,416
LG,CVE-2017-8268,2017,8,Medium,9.3,119
LG,CVE-2017-8270,2017,8,Medium,5.1,416
LG,CVE-2017-8271,2017,8,Medium,6.8,787
LG,CVE-2017-8272,2017,8,Medium,6.8,787
LG,CVE-2017-8254,2017,8,Medium,4.3,200
LG,CVE-2017-8258,2017,8,Medium,4.3,125
LG,CVE-2017-8269,2017,8,Medium,4.3,200
LG,CVE-2017-0540,2017,7,Critical,9.3,119
LG,CVE-2017-0673,2017,7,Critical,9.3,264
LG,CVE-2017-0674,2017,7,Critical,9.3,264
LG,CVE-2017-0675,2017,7,Critical,9.3,264
LG,CVE-2017-0676,2017,7,Critical,9.3,264
LG,CVE-2017-0677,2017,7,Critical,9.3,264
LG,CVE-2017-0678,2017,7,Critical,9.3,264
LG,CVE-2017-0679,2017,7,Critical,9.3,264
LG,CVE-2017-0680,2017,7,Critical,9.3,264
LG,CVE-2017-0681,2017,7,Critical,9.3,264
LG,CVE-2017-0469,2017,7,Critical,9.3,119
LG,CVE-2017-7371,2017,7,Critical,9.3,416
LG,CVE-2014-9960,2017,7,Critical,9.3,119
LG,CVE-2014-9961,2017,7,Critical,9.3,284
LG,CVE-2014-9953,2017,7,Critical,10,264
LG,CVE-2014-9967,2017,7,Critical,9.3,476
LG,CVE-2015-9026,2017,7,Critical,9.3,476
LG,CVE-2015-9027,2017,7,Critical,9.3,476
LG,CVE-2015-9008,2017,7,Critical,10,264
LG,CVE-2015-9009,2017,7,Critical,10,264
LG,CVE-2015-9010,2017,7,Critical,10,264
LG,CVE-2015-9011,2017,7,Critical,10,264
LG,CVE-2015-9024,2017,7,Critical,4.3,284
LG,CVE-2015-9012,2017,7,Critical,10,264
LG,CVE-2015-9013,2017,7,Critical,10,264
LG,CVE-2015-9014,2017,7,Critical,10,264
LG,CVE-2015-9015,2017,7,Critical,7.2,264
LG,CVE-2015-9029,2017,7,Critical,9.3,284
LG,CVE-2016-10338,2017,7,Critical,9.3,20
LG,CVE-2016-10336,2017,7,Critical,4.3,254
LG,CVE-2016-10333,2017,7,Critical,4.3,284
LG,CVE-2016-10341,2017,7,Critical,9.3,264
LG,CVE-2016-10335,2017,7,Critical,4.3,284
LG,CVE-2016-10340,2017,7,Critical,9.3,119
LG,CVE-2016-10334,2017,7,Critical,4.3,284
LG,CVE-2016-10339,2017,7,Critical,5.8,200
LG,CVE-2016-10298,2017,7,Critical,10,264
LG,CVE-2016-10299,2017,7,Critical,10,264
LG,CVE-2017-0664,2017,7,High,9.3,264
LG,CVE-2017-0665,2017,7,High,9.3,264
LG,CVE-2017-0666,2017,7,High,9.3,264
LG,CVE-2017-0667,2017,7,High,9.3,264
LG,CVE-2017-0669,2017,7,High,4.3,200
LG,CVE-2017-0670,2017,7,High,4.3,264
LG,CVE-2017-0671,2017,7,High,9.3,264
LG,CVE-2017-0672,2017,7,High,4.3,264
LG,CVE-2016-2109,2017,7,High,7.8,399
LG,CVE-2017-0682,2017,7,High,9.3,264
LG,CVE-2017-0683,2017,7,High,9.3,264
LG,CVE-2017-0684,2017,7,High,9.3,264
LG,CVE-2017-0685,2017,7,High,4.3,264
LG,CVE-2017-0686,2017,7,High,4.3,264
LG,CVE-2017-0688,2017,7,High,4.3,264
LG,CVE-2017-0689,2017,7,High,4.3,264
LG,CVE-2017-0690,2017,7,High,4.3,264
LG,CVE-2017-0691,2017,7,High,4.3,264
LG,CVE-2017-0692,2017,7,High,4.3,264
LG,CVE-2017-0693,2017,7,High,4.3,264
LG,CVE-2017-0694,2017,7,High,4.3,264
LG,CVE-2017-0695,2017,7,High,4.3,264
LG,CVE-2017-0696,2017,7,High,4.3,264
LG,CVE-2017-0697,2017,7,High,4.3,264
LG,CVE-2017-0700,2017,7,High,9.3,264
LG,CVE-2017-0701,2017,7,High,9.3,264
LG,CVE-2017-0702,2017,7,High,9.3,264
LG,CVE-2017-0703,2017,7,High,9.3,264
LG,CVE-2017-0704,2017,7,High,6.8,264
LG,CVE-2017-0642,2017,7,High,7.1,264
LG,CVE-2017-7365,2017,7,High,9.3,119
LG,CVE-2017-0636,2017,7,High,7.6,264
LG,CVE-2017-0648,2017,7,High,9.3,264
LG,CVE-2017-7366,2017,7,High,4.3,20
LG,CVE-2017-7367,2017,7,High,9.3,191
LG,CVE-2014-9954,2017,7,High,10,264
LG,CVE-2014-9955,2017,7,High,10,264
LG,CVE-2014-9956,2017,7,High,10,264
LG,CVE-2014-9957,2017,7,High,10,264
LG,CVE-2014-9958,2017,7,High,10,264
LG,CVE-2014-9962,2017,7,High,9.3,20
LG,CVE-2014-9963,2017,7,High,9.3,119
LG,CVE-2014-9959,2017,7,High,10,264
LG,CVE-2014-9964,2017,7,High,9.3,190
LG,CVE-2014-9965,2017,7,High,9.3,20
LG,CVE-2014-9966,2017,7,High,7.6,362
LG,CVE-2015-9023,2017,7,High,9.3,119
LG,CVE-2015-9020,2017,7,High,9.3,476
LG,CVE-2015-9021,2017,7,High,4.3,284
LG,CVE-2015-9025,2017,7,High,9.3,119
LG,CVE-2015-9022,2017,7,High,7.6,362
LG,CVE-2015-9028,2017,7,High,9.3,119
LG,CVE-2015-9031,2017,7,High,4.3,200
LG,CVE-2015-9032,2017,7,High,4.3,200
LG,CVE-2015-9033,2017,7,High,9.3,20
LG,CVE-2015-9030,2017,7,High,9.3,306
LG,CVE-2016-10332,2017,7,High,4.3,254
LG,CVE-2016-10337,2017,7,High,4.3,20
LG,CVE-2016-10342,2017,7,High,9.3,119
LG,CVE-2017-3544,2017,7,Medium,4.3,284
LG,CVE-2017-0668,2017,7,Medium,4.3,200
LG,CVE-2017-0698,2017,7,Medium,4.3,200
LG,CVE-2017-0699,2017,7,Medium,4.3,200
LG,CVE-2017-5864,2017,7,Medium,4.3,79
LG,CVE-2017-7368,2017,7,Medium,7.6,362
LG,CVE-2017-7369,2017,7,Medium,9.3,20
LG,CVE-2017-0451,2017,7,Medium,2.6,200
LG,CVE-2017-7370,2017,7,Medium,7.6,416
LG,CVE-2016-5861,2017,7,Medium,8.3,264
LG,CVE-2017-7373,2017,7,Medium,9.3,415
LG,CVE-2017-7372,2017,7,Medium,7.6,119
LG,CVE-2017-8242,2017,7,Medium,4.3,362
LG,CVE-2017-0649,2017,7,Medium,7.6,264
LG,CVE-2017-8233,2017,7,Medium,9.3,787
LG,CVE-2017-8236,2017,7,Medium,9.3,119
LG,CVE-2017-8237,2017,7,Medium,9.3,119
LG,CVE-2017-0579,2017,7,Medium,7.6,264
LG,CVE-2017-8239,2017,7,Medium,4.3,200
LG,CVE-2017-8240,2017,7,Medium,9.3,119
LG,CVE-2015-7995,2017,7,Medium,5,
LG,CVE-2017-0651,2017,7,Low,2.6,200
LG,CVE-2017-0637,2017,6,Critical,9.3,119
LG,CVE-2015-7555,2017,6,Critical,4.3,119
LG,CVE-2016-10275,2017,6,Critical,9.3,264
LG,CVE-2016-10276,2017,6,Critical,9.3,264
LG,CVE-2016-9794,2017,6,Critical,7.2,416
LG,CVE-2017-0604,2017,6,Critical,9.3,264
LG,CVE-2017-0605,2017,6,Critical,9.3,264
LG,CVE-2016-10240,2017,6,Critical,,
LG,CVE-2016-10241,2017,6,Critical,,
LG,CVE-2014-9923,2017,6,Critical,9.3,119
LG,CVE-2014-9924,2017,6,Critical,9.3,189
LG,CVE-2014-9925,2017,6,Critical,9.3,119
LG,CVE-2014-9926,2017,6,Critical,9.3,416
LG,CVE-2014-9927,2017,6,Critical,9.3,119
LG,CVE-2014-9928,2017,6,Critical,9.3,119
LG,CVE-2014-9929,2017,6,Critical,9.3,119
LG,CVE-2014-9930,2017,6,Critical,9.3,416
LG,CVE-2015-9005,2017,6,Critical,9.3,190
LG,CVE-2015-9006,2017,6,Critical,9.3,284
LG,CVE-2015-9007,2017,6,Critical,9.3,415
LG,CVE-2016-10297,2017,6,Critical,9.3,362
LG,CVE-2015-8871,2017,6,High,7.5,416
LG,CVE-2016-8332,2017,6,High,6.8,119
LG,CVE-2016-5131,2017,6,High,6.8,416
LG,CVE-2016-4658,2017,6,High,10,119
LG,CVE-2017-0663,2017,6,High,6.8,284
LG,CVE-2017-7376,2017,6,High,10,119
LG,CVE-2017-0638,2017,6,High,6.8,284
LG,CVE-2017-0639,2017,6,High,4.3,200
LG,CVE-2017-0391,2017,6,High,7.1,284
LG,CVE-2017-0640,2017,6,High,7.1,264
LG,CVE-2017-0641,2017,6,High,7.1,264
LG,CVE-2017-0642,2017,6,High,7.1,264
LG,CVE-2017-0643,2017,6,High,7.1,264
LG,CVE-2017-0644,2017,6,High,7.1,264
LG,CVE-2016-10278,2017,6,High,,
LG,CVE-2016-10279,2017,6,High,,
LG,CVE-2016-5131,2017,6,High,6.8,416
LG,CVE-2016-10280,2017,6,High,7.6,264
LG,CVE-2016-10281,2017,6,High,7.6,264
LG,CVE-2016-10282,2017,6,High,7.6,264
LG,CVE-2016-10284,2017,6,High,7.6,264
LG,CVE-2016-10285,2017,6,High,7.6,264
LG,CVE-2016-10286,2017,6,High,7.6,264
LG,CVE-2015-9004,2017,6,High,9.3,264
LG,CVE-2016-10287,2017,6,High,7.6,264
LG,CVE-2017-0606,2017,6,High,7.6,264
LG,CVE-2017-5860,2017,6,High,,
LG,CVE-2016-5867,2017,6,High,7.6,264
LG,CVE-2017-0607,2017,6,High,7.6,264
LG,CVE-2017-0608,2017,6,High,7.6,264
LG,CVE-2017-0609,2017,6,High,7.6,264
LG,CVE-2016-5859,2017,6,High,7.6,264
LG,CVE-2017-0610,2017,6,High,7.6,264
LG,CVE-2017-0611,2017,6,High,7.6,264
LG,CVE-2016-5853,2017,6,High,7.6,264
LG,CVE-2016-10288,2017,6,High,7.6,264
LG,CVE-2016-10289,2017,6,High,7.6,264
LG,CVE-2016-10290,2017,6,High,7.6,264
LG,CVE-2016-10291,2017,6,High,7.6,264
LG,CVE-2017-0465,2017,6,High,7.6,264
LG,CVE-2017-0612,2017,6,High,7.6,264
LG,CVE-2017-0613,2017,6,High,7.6,264
LG,CVE-2017-0614,2017,6,High,7.6,264
LG,CVE-2017-0615,2017,6,High,7.6,264
LG,CVE-2017-0616,2017,6,High,7.6,264
LG,CVE-2017-0617,2017,6,High,7.6,264
LG,CVE-2017-0618,2017,6,High,7.6,264
LG,CVE-2017-0619,2017,6,High,7.6,264
LG,CVE-2017-0620,2017,6,High,7.6,264
LG,CVE-2016-5862,2017,6,High,7.6,264
LG,CVE-2014-9940,2017,6,High,7.6,416
LG,CVE-2017-0621,2017,6,High,7.6,264
LG,CVE-2016-5868,2017,6,High,7.6,264
LG,CVE-2017-7184,2017,6,High,7.2,264
LG,CVE-2017-0625,2017,6,High,4.3,200
LG,CVE-2017-0626,2017,6,High,4.3,200
LG,CVE-2014-9941,2017,6,High,7.6,362
LG,CVE-2014-9942,2017,6,High,9.3,665
LG,CVE-2014-9943,2017,6,High,9.3,476
LG,CVE-2014-9944,2017,6,High,9.3,190
LG,CVE-2014-9945,2017,6,High,9.3,285
LG,CVE-2014-9946,2017,6,High,9.3,416
LG,CVE-2014-9947,2017,6,High,4.3,200
LG,CVE-2014-9948,2017,6,High,9.3,129
LG,CVE-2014-9949,2017,6,High,9.3,476
LG,CVE-2014-9950,2017,6,High,9.3,285
LG,CVE-2014-9951,2017,6,High,4.3,200
LG,CVE-2014-9952,2017,6,High,9.3,287
LG,CVE-2017-5056,2017,6,Medium,6.8,125
LG,CVE-2017-7375,2017,6,Medium,7.5,611
LG,CVE-2017-0645,2017,6,Medium,4.3,200
LG,CVE-2017-0646,2017,6,Medium,4.3,200
LG,CVE-2017-0647,2017,6,Medium,4.3,200
LG,CVE-2016-1839,2017,6,Medium,6.8,119
LG,CVE-2017-0627,2017,6,Medium,2.6,200
LG,CVE-2016-10293,2017,6,Medium,2.6,200
LG,CVE-2016-10294,2017,6,Medium,2.6,200
LG,CVE-2016-10295,2017,6,Medium,2.6,200
LG,CVE-2016-10296,2017,6,Medium,2.6,200
LG,CVE-2017-0628,2017,6,Medium,2.6,200
LG,CVE-2017-0629,2017,6,Medium,2.6,200
LG,CVE-2017-0630,2017,6,Medium,2.6,200
LG,CVE-2016-5858,2017,6,Medium,2.6,200
LG,CVE-2017-0631,2017,6,Medium,2.6,200
LG,CVE-2016-5347,2017,6,Medium,2.6,200
LG,CVE-2016-5854,2017,6,Medium,2.6,200
LG,CVE-2017-0632,2017,6,Medium,2.6,200
LG,CVE-2017-0633,2017,6,Medium,2.6,200
LG,CVE-2017-0587,2017,5,Critical,9.3,119
LG,CVE-2017-0588,2017,5,Critical,9.3,119
LG,CVE-2017-0589,2017,5,Critical,9.3,119
LG,CVE-2017-0590,2017,5,Critical,9.3,119
LG,CVE-2017-0591,2017,5,Critical,9.3,119
LG,CVE-2017-0592,2017,5,Critical,9.3,119
LG,CVE-2017-0561,2017,5,Critical,10,264
LG,CVE-2016-10230,2017,5,Critical,10,264
LG,CVE-2016-10229,2017,5,Critical,10,358
LG,CVE-2017-0564,2017,5,Critical,9.3,264
LG,CVE-2016-10237,2017,5,Critical,9.3,284
LG,CVE-2016-10238,2017,5,Critical,9.3,264
LG,CVE-2016-10239,2017,5,Critical,9.3,190
LG,CVE-2014-9931,2017,5,Critical,9.3,119
LG,CVE-2014-9932,2017,5,Critical,9.3,190
LG,CVE-2014-9933,2017,5,Critical,9.3,20
LG,CVE-2014-9934,2017,5,Critical,9.3,347
LG,CVE-2014-9935,2017,5,Critical,9.3,190
LG,CVE-2014-9936,2017,5,Critical,7.6,362
LG,CVE-2014-9937,2017,5,Critical,9.3,119
LG,CVE-2015-8995,2017,5,Critical,9.3,190
LG,CVE-2015-8996,2017,5,Critical,7.6,362
LG,CVE-2015-8997,2017,5,Critical,7.6,362
LG,CVE-2015-8998,2017,5,Critical,9.3,190
LG,CVE-2015-8999,2017,5,Critical,9.3,119
LG,CVE-2015-9000,2017,5,Critical,9.3,476
LG,CVE-2015-9001,2017,5,Critical,4.3,200
LG,CVE-2015-9002,2017,5,Critical,9.3,189
LG,CVE-2015-9003,2017,5,Critical,9.3,310
LG,CVE-2016-10242,2017,5,Critical,7.6,362
LG,CVE-2017-0593,2017,5,High,9.3,264
LG,CVE-2017-0594,2017,5,High,9.3,264
LG,CVE-2017-0595,2017,5,High,9.3,264
LG,CVE-2017-0596,2017,5,High,9.3,264
LG,CVE-2017-0597,2017,5,High,9.3,264
LG,CVE-2017-0598,2017,5,High,4.3,200
LG,CVE-2017-0599,2017,5,High,7.1,399
LG,CVE-2017-0600,2017,5,High,7.1,264
LG,CVE-2016-5129,2017,5,High,6.8,119
LG,CVE-2016-10244,2017,5,High,6.8,125
LG,CVE-2014-4656,2017,5,High,4.9,189
LG,CVE-2017-0565,2017,5,High,7.6,264
LG,CVE-2017-0566,2017,5,High,7.6,264
LG,CVE-2017-0567,2017,5,High,7.6,264
LG,CVE-2017-0568,2017,5,High,7.6,264
LG,CVE-2017-0569,2017,5,High,7.6,264
LG,CVE-2017-0570,2017,5,High,7.6,264
LG,CVE-2017-0571,2017,5,High,7.6,264
LG,CVE-2017-0572,2017,5,High,7.6,264
LG,CVE-2017-0573,2017,5,High,7.6,264
LG,CVE-2017-0574,2017,5,High,7.6,264
LG,CVE-2017-0454,2017,5,High,7.6,264
LG,CVE-2017-0576,2017,5,High,7.6,264
LG,CVE-2017-0578,2017,5,High,7.6,264
LG,CVE-2016-10231,2017,5,High,9.3,264
LG,CVE-2017-0579,2017,5,High,7.6,264
LG,CVE-2016-10232,2017,5,High,9.3,264
LG,CVE-2017-0462,2017,5,High,7.6,264
LG,CVE-2017-6423,2017,5,High,6.9,264
LG,CVE-2014-9922,2017,5,High,9.3,264
LG,CVE-2014-0206,2017,5,High,2.1,
LG,CVE-2014-3145,2017,5,High,4.9,189
LG,CVE-2016-5349,2017,5,High,4.3,200
LG,CVE-2016-10234,2017,5,High,4.3,200
LG,CVE-2014-2706,2017,5,High,7.1,362
LG,CVE-2016-10235,2017,5,High,5,20
LG,CVE-2017-0601,2017,5,Medium,4.3,284
LG,CVE-2017-0493,2017,5,Medium,4.3,200
LG,CVE-2017-0602,2017,5,Medium,4.3,200
LG,CVE-2017-7056,2017,5,Medium,7.5,119
LG,CVE-2017-0603,2017,5,Medium,5.4,399
LG,CVE-2016-7097,2017,5,Medium,3.6,285
LG,CVE-2017-6424,2017,5,Medium,6.9,264
LG,CVE-2016-8465,2017,5,Medium,7.6,264
LG,CVE-2017-0583,2017,5,Medium,7.6,264
LG,CVE-2014-1739,2017,5,Medium,1.7,200
LG,CVE-2017-0585,2017,5,Medium,2.6,200
LG,CVE-2016-5346,2017,5,Medium,,
LG,CVE-2017-6425,2017,5,Medium,4.3,200
LG,CVE-2016-10236,2017,5,Medium,4.3,200
LG,CVE-2017-0586,2017,5,Medium,2.6,200
LG,CVE-2017-6426,2017,5,Medium,4.3,200
LG,CVE-2017-0635,2017,5,Low,7.1,399
LG,CVE-2017-0538,2017,4,Critical,9.3,119
LG,CVE-2017-0539,2017,4,Critical,9.3,119
LG,CVE-2017-0540,2017,4,Critical,9.3,119
LG,CVE-2017-0541,2017,4,Critical,9.3,119
LG,CVE-2017-0542,2017,4,Critical,9.3,119
LG,CVE-2017-0543,2017,4,Critical,9.3,119
LG,CVE-2017-0500,2017,4,Critical,9.3,264
LG,CVE-2017-0501,2017,4,Critical,9.3,264
LG,CVE-2017-0502,2017,4,Critical,9.3,264
LG,CVE-2017-0503,2017,4,Critical,9.3,264
LG,CVE-2017-0504,2017,4,Critical,9.3,264
LG,CVE-2017-0505,2017,4,Critical,9.3,264
LG,CVE-2017-0506,2017,4,Critical,9.3,264
LG,CVE-2017-0507,2017,4,Critical,9.3,264
LG,CVE-2017-0508,2017,4,Critical,9.3,264
LG,CVE-2017-0509,2017,4,Critical,9.3,264
LG,CVE-2017-0510,2017,4,Critical,9.3,264
LG,CVE-2016-8479,2017,4,Critical,9.3,264
LG,CVE-2016-9806,2017,4,Critical,7.2,415
LG,CVE-2016-10200,2017,4,Critical,6.9,416
LG,CVE-2016-8484,2017,4,Critical,10,264
LG,CVE-2016-8485,2017,4,Critical,5,200
LG,CVE-2016-8486,2017,4,Critical,5,200
LG,CVE-2016-8487,2017,4,Critical,10,264
LG,CVE-2016-8488,2017,4,Critical,10,264
LG,CVE-2017-0477,2017,4,High,6.8,284
LG,CVE-2017-0544,2017,4,High,9.3,264
LG,CVE-2017-0545,2017,4,High,9.3,264
LG,CVE-2017-0546,2017,4,High,9.3,264
LG,CVE-2016-0552,2017,4,High,6.4,
LG,CVE-2017-0547,2017,4,High,4.3,200
LG,CVE-2017-0548,2017,4,High,7.1,284
LG,CVE-2017-0549,2017,4,High,7.1,284
LG,CVE-2017-0550,2017,4,High,7.1,284
LG,CVE-2017-0551,2017,4,High,7.1,284
LG,CVE-2017-0552,2017,4,High,7.1,284
LG,CVE-2016-8655,2017,4,High,7.2,416
LG,CVE-2016-9793,2017,4,High,7.2,119
LG,CVE-2017-0516,2017,4,High,7.6,264
LG,CVE-2017-0517,2017,4,High,7.6,264
LG,CVE-2017-0457,2017,4,High,7.6,264
LG,CVE-2017-0520,2017,4,High,7.6,264
LG,CVE-2017-0458,2017,4,High,7.6,264
LG,CVE-2017-0521,2017,4,High,7.6,264
LG,CVE-2017-0453,2017,4,High,7.6,264
LG,CVE-2017-0524,2017,4,High,7.6,264
LG,CVE-2017-0525,2017,4,High,7.6,264
LG,CVE-2017-0456,2017,4,High,7.6,264
LG,CVE-2017-0463,2017,4,High,7.6,264
LG,CVE-2017-0460,2017,4,High,7.6,264
LG,CVE-2017-0528,2017,4,High,9.3,264
LG,CVE-2016-5856,2017,4,High,7.6,264
LG,CVE-2016-5857,2017,4,High,6.9,264
LG,CVE-2014-8709,2017,4,High,5,200
LG,CVE-2017-0529,2017,4,High,4.3,200
LG,CVE-2017-0455,2017,4,High,9.3,200
LG,CVE-2016-8483,2017,4,High,4.3,200
LG,CVE-2016-8650,2017,4,High,4.9,20
LG,CVE-2017-0553,2017,4,Medium,7.6,264
LG,CVE-2017-0554,2017,4,Medium,6.8,264
LG,CVE-2017-0555,2017,4,Medium,4.3,200
LG,CVE-2017-0556,2017,4,Medium,4.3,200
LG,CVE-2017-0557,2017,4,Medium,4.3,200
LG,CVE-2017-0558,2017,4,Medium,4.3,200
LG,CVE-2017-0559,2017,4,Medium,4.3,200
LG,CVE-2017-0560,2017,4,Medium,4.3,200
LG,CVE-2016-8417,2017,4,Medium,7.6,264
LG,CVE-2017-0461,2017,4,Medium,2.6,200
LG,CVE-2017-0459,2017,4,Medium,2.6,200
LG,CVE-2017-0531,2017,4,Medium,2.6,200
LG,CVE-2017-0532,2017,4,Medium,2.6,200
LG,CVE-2016-8413,2017,4,Medium,2.6,200
LG,CVE-2016-8477,2017,4,Medium,2.6,200
LG,CVE-2017-0536,2017,4,Medium,2.6,200
LG,CVE-2017-0537,2017,4,Medium,2.6,200
LG,CVE-2017-0452,2017,4,Low,2.6,200
LG,CVE-2016-2182,2017,3,Critical,7.5,787
LG,CVE-2017-0466,2017,3,Critical,9.3,119
LG,CVE-2017-0467,2017,3,Critical,9.3,119
LG,CVE-2017-0468,2017,3,Critical,9.3,119
LG,CVE-2017-0469,2017,3,Critical,9.3,119
LG,CVE-2017-0470,2017,3,Critical,9.3,119
LG,CVE-2017-0471,2017,3,Critical,9.3,119
LG,CVE-2017-0472,2017,3,Critical,9.3,119
LG,CVE-2017-0473,2017,3,Critical,9.3,119
LG,CVE-2017-0474,2017,3,Critical,9.3,119
LG,CVE-2017-0475,2017,3,Critical,9.3,264
LG,CVE-2016-8418,2017,3,Critical,10,284
LG,CVE-2017-0427,2017,3,Critical,9.3,264
LG,CVE-2014-9914,2017,3,Critical,7.2,416
LG,CVE-2017-0430,2017,3,Critical,9.3,264
LG,CVE-2017-0431,2017,3,Critical,7.2,264
LG,CVE-2017-0476,2017,3,High,6.8,119
LG,CVE-2017-0477,2017,3,High,6.8,284
LG,CVE-2017-0478,2017,3,High,6.8,284
LG,CVE-2017-0479,2017,3,High,9.3,264
LG,CVE-2017-0480,2017,3,High,9.3,264
LG,CVE-2017-0481,2017,3,High,9.3,264
LG,CVE-2017-0482,2017,3,High,7.1,284
LG,CVE-2017-0483,2017,3,High,7.1,20
LG,CVE-2017-0484,2017,3,High,7.1,20
LG,CVE-2017-0485,2017,3,High,7.1,284
LG,CVE-2017-0486,2017,3,High,7.1,284
LG,CVE-2017-0487,2017,3,High,7.1,284
LG,CVE-2017-0488,2017,3,High,7.1,20
LG,CVE-2017-0390,2017,3,High,7.1,284
LG,CVE-2017-0392,2017,3,High,7.1,284
LG,CVE-2017-0432,2017,3,High,7.6,264
LG,CVE-2017-0433,2017,3,High,7.6,264
LG,CVE-2017-0434,2017,3,High,7.6,264
LG,CVE-2016-8480,2017,3,High,7.6,264
LG,CVE-2016-8481,2017,3,High,7.6,264
LG,CVE-2016-0435,2017,3,High,3.3,
LG,CVE-2016-0436,2017,3,High,1.9,
LG,CVE-2017-0444,2017,3,High,7.6,264
LG,CVE-2017-0489,2017,3,Medium,4.3,284
LG,CVE-2017-0490,2017,3,Medium,4.3,284
LG,CVE-2017-0491,2017,3,Medium,4.3,284
LG,CVE-2017-0492,2017,3,Medium,4.3,284
LG,CVE-2017-0494,2017,3,Medium,4.3,200
LG,CVE-2017-0495,2017,3,Medium,4.3,200
LG,CVE-2017-0496,2017,3,Medium,4.3,284
LG,CVE-2017-0497,2017,3,Medium,5.4,284
LG,CVE-2017-0498,2017,3,Medium,2.1,284
LG,CVE-2017-0449,2017,3,Medium,7.6,264
LG,CVE-2017-0450,2017,3,Medium,9.3,264
LG,CVE-2016-10044,2017,3,Medium,7.2,264
LG,CVE-2016-8414,2017,3,Medium,2.6,200
LG,CVE-2017-0451,2017,3,Medium,2.6,200
LG,CVE-2017-0499,2017,3,Low,7.1,20
LG,CVE-2017-0405,2017,2,Critical,9.3,119
LG,CVE-2017-0406,2017,2,Critical,9.3,119
LG,CVE-2017-0407,2017,2,Critical,9.3,119
LG,CVE-2015-3288,2017,2,Critical,7.2,20
LG,CVE-2016-8422,2017,2,Critical,9.3,264
LG,CVE-2016-8423,2017,2,Critical,9.3,264
LG,CVE-2015-5706,2017,2,Critical,4.6,
LG,CVE-2016-8433,2017,2,Critical,9.3,264
LG,CVE-2016-8434,2017,2,Critical,9.3,284
LG,CVE-2016-8435,2017,2,Critical,9.3,284
LG,CVE-2016-8436,2017,2,Critical,9.3,264
LG,CVE-2016-9120,2017,2,Critical,9.3,416
LG,CVE-2016-8398,2017,2,Critical,10,254
LG,CVE-2016-8437,2017,2,Critical,10,20
LG,CVE-2016-8438,2017,2,Critical,10,190
LG,CVE-2016-8439,2017,2,Critical,10,119
LG,CVE-2016-8440,2017,2,Critical,10,119
LG,CVE-2016-8441,2017,2,Critical,7.2,119
LG,CVE-2016-8442,2017,2,Critical,7.2,20
LG,CVE-2016-8443,2017,2,Critical,7.2,285
LG,CVE-2016-8459,2017,2,Critical,10,119
LG,CVE-2016-5080,2017,2,Critical,10,
LG,CVE-2017-0408,2017,2,High,6.8,284
LG,CVE-2017-0409,2017,2,High,6.8,284
LG,CVE-2016-5552,2017,2,High,5,
LG,CVE-2017-0410,2017,2,High,9.3,264
LG,CVE-2017-0411,2017,2,High,9.3,264
LG,CVE-2017-0412,2017,2,High,9.3,264
LG,CVE-2017-0415,2017,2,High,9.3,264
LG,CVE-2017-0416,2017,2,High,9.3,264
LG,CVE-2017-0417,2017,2,High,9.3,264
LG,CVE-2017-0418,2017,2,High,9.3,264
LG,CVE-2017-0419,2017,2,High,9.3,264
LG,CVE-2017-0421,2017,2,High,4.3,200
LG,CVE-2017-0422,2017,2,High,7.8,20
LG,CVE-2016-8412,2017,2,High,7.6,284
LG,CVE-2016-8444,2017,2,High,7.6,284
LG,CVE-2016-8445,2017,2,High,7.6,264
LG,CVE-2016-8446,2017,2,High,7.6,264
LG,CVE-2016-8447,2017,2,High,7.6,264
LG,CVE-2016-8448,2017,2,High,7.6,264
LG,CVE-2016-8449,2017,2,High,7.6,264
LG,CVE-2016-8450,2017,2,High,7.6,264
LG,CVE-2016-8451,2017,2,High,7.6,264
LG,CVE-2016-7042,2017,2,High,4.9,119
LG,CVE-2017-0403,2017,2,High,7.6,264
LG,CVE-2017-0404,2017,2,High,7.6,264
LG,CVE-2016-8452,2017,2,High,7.6,264
LG,CVE-2016-5345,2017,2,High,6.9,119
LG,CVE-2016-9754,2017,2,High,7.2,190
LG,CVE-2016-8453,2017,2,High,7.6,264
LG,CVE-2016-8454,2017,2,High,7.6,264
LG,CVE-2016-8455,2017,2,High,9.3,264
LG,CVE-2016-8456,2017,2,High,7.6,264
LG,CVE-2016-8457,2017,2,High,7.6,264
LG,CVE-2016-8458,2017,2,High,7.6,264
LG,CVE-2016-8460,2017,2,High,4.3,200
LG,CVE-2016-8461,2017,2,High,2.1,200
LG,CVE-2016-8462,2017,2,High,2.1,200
LG,CVE-2016-8463,2017,2,High,7.1,399
LG,CVE-2017-0423,2017,2,Medium,2.9,264
LG,CVE-2017-0425,2017,2,Medium,4.3,200
LG,CVE-2017-0426,2017,2,Medium,4.3,200
LG,CVE-2016-8464,2017,2,Medium,7.6,264
LG,CVE-2016-8465,2017,2,Medium,7.6,264
LG,CVE-2016-8466,2017,2,Medium,7.6,264
LG,CVE-2016-8468,2017,2,Medium,7.6,264
LG,CVE-2016-3853,2017,2,Medium,4.9,264
LG,CVE-2016-8469,2017,2,Medium,2.6,200
LG,CVE-2016-8470,2017,2,Medium,2.6,200
LG,CVE-2016-8471,2017,2,Medium,2.6,200
LG,CVE-2016-8472,2017,2,Medium,2.6,200
LG,CVE-2017-0381,2017,1,Critical,9.3,119
LG,CVE-2016-5180,2017,1,Critical,7.5,787
LG,CVE-2016-8411,2017,1,Critical,10,119
LG,CVE-2016-4794,2017,1,Critical,7.2,
LG,CVE-2016-5195,2017,1,Critical,7.2,362
LG,CVE-2015-8966,2017,1,Critical,7.2,264
LG,CVE-2016-9120,2017,1,Critical,9.3,416
LG,CVE-2017-0382,2017,1,High,6.8,284
LG,CVE-2017-0383,2017,1,High,9.3,264
LG,CVE-2017-0384,2017,1,High,9.3,264
LG,CVE-2017-0385,2017,1,High,9.3,264
LG,CVE-2017-0386,2017,1,High,9.3,264
LG,CVE-2017-0387,2017,1,High,9.3,264
LG,CVE-2017-0388,2017,1,High,2.1,200
LG,CVE-2016-3911,2017,1,High,9.3,264
LG,CVE-2016-6710,2017,1,High,4.3,200
LG,CVE-2017-0389,2017,1,High,7.8,20
LG,CVE-2017-0390,2017,1,High,7.1,284
LG,CVE-2017-0391,2017,1,High,7.1,284
LG,CVE-2017-0392,2017,1,High,7.1,284
LG,CVE-2017-0393,2017,1,High,7.1,284
LG,CVE-2017-0394,2017,1,High,7.8,284
LG,CVE-2014-4014,2017,1,High,6.2,264
LG,CVE-2015-8967,2017,1,High,9.3,264
LG,CVE-2016-6778,2017,1,High,7.6,284
LG,CVE-2016-6779,2017,1,High,7.6,284
LG,CVE-2016-6780,2017,1,High,7.6,284
LG,CVE-2016-6492,2017,1,High,9.3,264
LG,CVE-2016-6781,2017,1,High,9.3,284
LG,CVE-2016-6782,2017,1,High,9.3,284
LG,CVE-2016-6783,2017,1,High,9.3,284
LG,CVE-2016-6784,2017,1,High,9.3,284
LG,CVE-2016-6785,2017,1,High,9.3,284
LG,CVE-2016-6758,2017,1,High,9.3,284
LG,CVE-2016-6759,2017,1,High,9.3,284
LG,CVE-2016-6760,2017,1,High,9.3,284
LG,CVE-2016-6761,2017,1,High,9.3,284
LG,CVE-2016-6755,2017,1,High,7.6,284
LG,CVE-2016-6786,2017,1,High,6.9,264
LG,CVE-2016-6787,2017,1,High,6.9,264
LG,CVE-2016-6788,2017,1,High,7.6,264
LG,CVE-2016-6791,2017,1,High,7.6,284
LG,CVE-2016-8391,2017,1,High,7.6,284
LG,CVE-2016-8392,2017,1,High,7.6,284
LG,CVE-2015-7872,2017,1,High,2.1,20
LG,CVE-2016-8393,2017,1,High,7.6,284
LG,CVE-2016-8394,2017,1,High,7.6,284
LG,CVE-2014-9909,2017,1,High,9.3,264
LG,CVE-2014-9910,2017,1,High,7.6,264
LG,CVE-2016-1583,2017,1,High,7.2,119
LG,CVE-2016-8396,2017,1,High,4.3,200
LG,CVE-2016-5341,2017,1,High,7.1,284
LG,CVE-2017-0395,2017,1,Medium,4.3,264
LG,CVE-2017-0396,2017,1,Medium,4.3,200
LG,CVE-2017-0397,2017,1,Medium,4.3,200
LG,CVE-2017-0398,2017,1,Medium,4.3,200
LG,CVE-2017-0399,2017,1,Medium,4.3,200
LG,CVE-2017-0400,2017,1,Medium,4.3,200
LG,CVE-2017-0401,2017,1,Medium,4.3,200
LG,CVE-2017-0402,2017,1,Medium,4.3,200
LG,CVE-2016-6720,2017,1,Medium,4.3,200
LG,CVE-2016-8399,2017,1,Medium,7.6,284
LG,CVE-2016-6756,2017,1,Medium,2.6,200
LG,CVE-2016-6757,2017,1,Medium,2.6,200
LG,CVE-2016-8401,2017,1,Medium,4.3,200
LG,CVE-2016-8402,2017,1,Medium,4.3,200
LG,CVE-2016-8403,2017,1,Medium,4.3,200
LG,CVE-2016-8404,2017,1,Medium,4.3,200
LG,CVE-2016-8405,2017,1,Medium,4.3,200
LG,CVE-2016-8406,2017,1,Medium,4.3,200
LG,CVE-2016-8407,2017,1,Medium,4.3,200
LG,CVE-2016-8410,2017,1,Medium,2.6,200
LG,CVE-2016-6690,2017,1,Low,7.1,284
LG,CVE-2016-3862,2016,12,Critical,9.3,119
LG,CVE-2016-6727,2016,12,Critical,10,264
LG,CVE-2016-6725,2016,12,Critical,10,284
LG,CVE-2016-6726,2016,12,Critical,10,
LG,CVE-2016-6728,2016,12,Critical,9.3,264
LG,CVE-2016-6729,2016,12,Critical,9.3,264
LG,CVE-2016-6828,2016,12,Critical,4.9,416
LG,CVE-2016-2184,2016,12,Critical,4.9,
LG,CVE-2016-7910,2016,12,Critical,9.3,416
LG,CVE-2016-7911,2016,12,Critical,9.3,416
LG,CVE-2015-8961,2016,12,Critical,9.3,416
LG,CVE-2015-8962,2016,12,Critical,9.3,415
LG,CVE-2016-7912,2016,12,Critical,9.3,416
LG,CVE-2016-7913,2016,12,Critical,9.3,416
LG,CVE-2016-6737,2016,12,Critical,9.3,264
LG,CVE-2013-7446,2016,12,Critical,5.4,
LG,CVE-2016-5419,2016,12,High,5,310
LG,CVE-2016-5420,2016,12,High,5,285
LG,CVE-2016-5421,2016,12,High,7.5,416
LG,CVE-2016-6762,2016,12,High,6.8,264
LG,CVE-2015-6621,2016,12,High,9.3,264
LG,CVE-2016-6704,2016,12,High,9.3,264
LG,CVE-2016-6763,2016,12,High,7.1,284
LG,CVE-2016-6764,2016,12,High,7.1,399
LG,CVE-2016-6765,2016,12,High,7.1,19
LG,CVE-2016-6766,2016,12,High,7.1,19
LG,CVE-2016-6767,2016,12,High,7.1,399
LG,CVE-2016-6768,2016,12,High,6.8,284
LG,CVE-2016-0718,2016,12,High,7.5,119
LG,CVE-2012-6702,2016,12,High,4.3,310
LG,CVE-2016-5300,2016,12,High,7.8,399
LG,CVE-2015-1283,2016,12,High,6.8,189
LG,CVE-2016-6754,2016,12,High,6.8,74
LG,CVE-2014-9675,2016,12,High,5,264
LG,CVE-2016-6136,2016,12,High,1.9,362
LG,CVE-2016-6738,2016,12,High,9.3,264
LG,CVE-2016-6739,2016,12,High,9.3,264
LG,CVE-2016-6740,2016,12,High,9.3,264
LG,CVE-2016-6741,2016,12,High,9.3,264
LG,CVE-2016-3904,2016,12,High,6.8,264
LG,CVE-2016-6742,2016,12,High,9.3,264
LG,CVE-2016-6743,2016,12,High,9.3,264
LG,CVE-2016-6744,2016,12,High,9.3,264
LG,CVE-2016-6745,2016,12,High,9.3,264
LG,CVE-2015-8963,2016,12,High,7.6,416
LG,CVE-2014-9874,2016,12,High,6.8,119
LG,CVE-2016-3850,2016,12,High,6.9,264
LG,CVE-2016-7914,2016,12,High,7.1,125
LG,CVE-2015-8964,2016,12,High,7.1,200
LG,CVE-2016-7915,2016,12,High,4.3,125
LG,CVE-2016-7916,2016,12,High,4.7,362
LG,CVE-2016-6769,2016,12,Medium,2.1,284
LG,CVE-2016-6770,2016,12,Medium,4.3,284
LG,CVE-2016-6771,2016,12,Medium,6.8,284
LG,CVE-2016-6772,2016,12,Medium,9.3,264
LG,CVE-2016-6773,2016,12,Medium,4.3,200
LG,CVE-2016-6774,2016,12,Medium,2.6,200
LG,CVE-2016-6748,2016,12,Medium,4.3,200
LG,CVE-2016-6749,2016,12,Medium,4.3,200
LG,CVE-2016-6750,2016,12,Medium,4.3,200
LG,CVE-2016-3906,2016,12,Medium,4.3,200
LG,CVE-2016-3907,2016,12,Medium,4.3,200
LG,CVE-2016-6698,2016,12,Medium,4.3,200
LG,CVE-2016-6751,2016,12,Medium,4.3,200
LG,CVE-2016-6752,2016,12,Medium,4.3,200
LG,CVE-2016-6753,2016,12,Medium,4.3,200
LG,CVE-2016-7917,2016,12,Medium,4.3,125
LG,CVE-2016-7917,2016,12,Medium,4.3,125
LG,CVE-2016-6699,2016,11,Critical,9.3,119
LG,CVE-2016-2108,2016,11,Critical,10,119
LG,CVE-2016-3862,2016,11,Critical,9.3,119
LG,CVE-2016-6700,2016,11,Critical,9.3,264
LG,CVE-2016-3926,2016,11,Critical,10,
LG,CVE-2016-0758,2016,11,Critical,7.2,
LG,CVE-2016-3927,2016,11,Critical,10,
LG,CVE-2016-3928,2016,11,Critical,9.3,264
LG,CVE-2016-5340,2016,11,Critical,7.2,20
LG,CVE-2016-7117,2016,11,Critical,10,19
LG,CVE-2016-6701,2016,11,High,6.8,119
LG,CVE-2016-6702,2016,11,High,6.8,284
LG,CVE-2016-6703,2016,11,High,6.8,284
LG,CVE-2016-6704,2016,11,High,9.3,264
LG,CVE-2016-6705,2016,11,High,9.3,264
LG,CVE-2016-6706,2016,11,High,9.3,264
LG,CVE-2016-6707,2016,11,High,9.3,264
LG,CVE-2016-6708,2016,11,High,2.1,284
LG,CVE-2016-3912,2016,11,High,9.3,264
LG,CVE-2016-3911,2016,11,High,9.3,264
LG,CVE-2016-6709,2016,11,High,4.3,200
LG,CVE-2016-6710,2016,11,High,4.3,200
LG,CVE-2014-9908,2016,11,High,,
LG,CVE-2015-0410,2016,11,High,5,
LG,CVE-2016-6711,2016,11,High,7.1,20
LG,CVE-2016-6712,2016,11,High,7.1,20
LG,CVE-2016-6713,2016,11,High,7.1,284
LG,CVE-2016-6714,2016,11,High,7.1,284
LG,CVE-2016-3754,2016,11,High,7.8,399
LG,CVE-2016-2059,2016,11,High,7.2,362
LG,CVE-2016-3929,2016,11,High,10,
LG,CVE-2016-3930,2016,11,High,9.3,264
LG,CVE-2016-3931,2016,11,High,9.3,264
LG,CVE-2016-3932,2016,11,High,9.3,264
LG,CVE-2016-3933,2016,11,High,9.3,264
LG,CVE-2016-3903,2016,11,High,9.3,264
LG,CVE-2016-3934,2016,11,High,9.3,119
LG,CVE-2015-8951,2016,11,High,9.3,264
LG,CVE-2016-3901,2016,11,High,9.3,190
LG,CVE-2016-3935,2016,11,High,9.3,190
LG,CVE-2016-3936,2016,11,High,9.3,20
LG,CVE-2016-3937,2016,11,High,9.3,20
LG,CVE-2016-3938,2016,11,High,9.3,264
LG,CVE-2016-3939,2016,11,High,9.3,264
LG,CVE-2016-3940,2016,11,High,9.3,264
LG,CVE-2016-6672,2016,11,High,9.3,264
LG,CVE-2016-6673,2016,11,High,9.3,264
LG,CVE-2016-6674,2016,11,High,6.8,20
LG,CVE-2016-3905,2016,11,High,9.3,264
LG,CVE-2016-6675,2016,11,High,9.3,119
LG,CVE-2016-6676,2016,11,High,9.3,119
LG,CVE-2016-5342,2016,11,High,7.2,119
LG,CVE-2015-8955,2016,11,High,6.9,264
LG,CVE-2015-8950,2016,11,High,4.3,200
LG,CVE-2016-6677,2016,11,High,4.3,200
LG,CVE-2016-3809,2016,11,High,4.3,200
LG,CVE-2016-6691,2016,11,High,7.5,172
LG,CVE-2016-6692,2016,11,High,7.5,476
LG,CVE-2016-6693,2016,11,High,7.5,20
LG,CVE-2016-6694,2016,11,High,7.5,20
LG,CVE-2016-6695,2016,11,High,7.5,119
LG,CVE-2016-6696,2016,11,High,7.5,20
LG,CVE-2016-5344,2016,11,High,10,190
LG,CVE-2016-6697,2016,11,High,,
LG,CVE-2016-3921,2016,11,Medium,9.3,264
LG,CVE-2016-3922,2016,11,Medium,6.8,264
LG,CVE-2016-3923,2016,11,Medium,4.3,284
LG,CVE-2016-3885,2016,11,Medium,9.3,264
LG,CVE-2016-3924,2016,11,Medium,4.3,200
LG,CVE-2016-3925,2016,11,Medium,4.3,284
LG,CVE-2016-3892,2016,11,Medium,4.3,200
LG,CVE-2016-3893,2016,11,Medium,4.3,200
LG,CVE-2016-3894,2016,11,Medium,4.3,200
LG,CVE-2016-4998,2016,11,Medium,5.6,119
LG,CVE-2015-2922,2016,11,Medium,3.3,17
LG,CVE-2014-9529,2016,10,Critical,7.2,362
LG,CVE-2016-4470,2016,10,Critical,4.9,
LG,CVE-2013-7446,2016,10,Critical,5.4,
LG,CVE-2016-3134,2016,10,Critical,7.2,119
LG,CVE-2016-3951,2016,10,Critical,4.9,
LG,CVE-2016-3900,2016,10,High,9.3,264
LG,CVE-2016-3908,2016,10,High,4.3,264
LG,CVE-2016-3909,2016,10,High,9.3,264
LG,CVE-2016-3910,2016,10,High,9.3,264
LG,CVE-2016-3913,2016,10,High,9.3,264
LG,CVE-2016-3911,2016,10,High,9.3,264
LG,CVE-2016-3912,2016,10,High,9.3,264
LG,CVE-2016-3914,2016,10,High,9.3,362
LG,CVE-2016-3915,2016,10,High,9.3,264
LG,CVE-2016-3916,2016,10,High,9.3,119
LG,CVE-2016-3917,2016,10,High,7.2,264
LG,CVE-2016-3918,2016,10,High,4.3,200
LG,CVE-2016-3882,2016,10,High,6.1,284
LG,CVE-2016-3919,2016,10,High,,
LG,CVE-2016-3920,2016,10,High,7.1,20
LG,CVE-2014-4655,2016,10,High,4.9,189
LG,CVE-2016-2053,2016,10,High,4.7,310
LG,CVE-2016-3864,2016,10,High,9.3,264
LG,CVE-2016-3858,2016,10,High,9.3,119
LG,CVE-2016-4805,2016,10,High,7.2,416
LG,CVE-2016-3865,2016,10,High,9.3,264
LG,CVE-2016-3859,2016,10,High,9.3,264
LG,CVE-2016-3866,2016,10,High,9.3,264
LG,CVE-2016-3867,2016,10,High,9.3,264
LG,CVE-2016-3868,2016,10,High,9.3,264
LG,CVE-2016-3869,2016,10,High,9.3,264
LG,CVE-2016-1583,2016,10,High,7.2,119
LG,CVE-2016-3874,2016,10,High,9.3,264
LG,CVE-2016-2471,2016,10,High,9.3,
LG,CVE-2015-1465,2016,10,High,7.8,17
LG,CVE-2015-5364,2016,10,High,7.8,399
LG,CVE-2015-8839,2016,10,High,1.9,362
LG,CVE-2016-2469,2016,10,High,9.3,
LG,CVE-2016-6715,2016,10,Medium,4.3,284
LG,CVE-2016-6716,2016,10,Medium,4.3,284
LG,CVE-2016-6717,2016,10,Medium,7.6,264
LG,CVE-2016-6718,2016,10,Medium,4.3,200
LG,CVE-2016-6719,2016,10,Medium,4.3,284
LG,CVE-2016-3889,2016,10,Medium,7.2,264
LG,CVE-2016-6720,2016,10,Medium,4.3,200
LG,CVE-2016-6721,2016,10,Medium,4.3,200
LG,CVE-2016-6722,2016,10,Medium,4.3,200
LG,CVE-2016-6723,2016,10,Medium,5.4,284
LG,CVE-2016-6724,2016,10,Medium,7.1,284
LG,CVE-2015-0572,2016,10,Medium,7.5,362
LG,CVE-2016-3860,2016,10,Medium,4.3,200
LG,CVE-2016-6678,2016,10,Medium,4.3,200
LG,CVE-2016-6679,2016,10,Medium,4.3,200
LG,CVE-2016-3902,2016,10,Medium,4.3,200
LG,CVE-2016-6680,2016,10,Medium,6.8,200
LG,CVE-2016-6681,2016,10,Medium,4.3,200
LG,CVE-2016-6682,2016,10,Medium,4.3,200
LG,CVE-2016-6683,2016,10,Medium,4.3,200
LG,CVE-2016-6684,2016,10,Medium,4.3,200
LG,CVE-2015-8956,2016,10,Medium,3.6,476
LG,CVE-2016-6685,2016,10,Medium,4.3,200
LG,CVE-2016-6686,2016,10,Medium,4.3,200
LG,CVE-2016-6687,2016,10,Medium,4.3,200
LG,CVE-2016-6688,2016,10,Medium,4.3,200
LG,CVE-2016-6689,2016,10,Medium,4.3,200
LG,CVE-2016-5696,2016,10,Medium,5.8,200
LG,CVE-2016-6690,2016,10,Low,7.1,284
LG,CVE-2016-3861,2016,9,Critical,9.3,119
LG,CVE-2016-3862,2016,9,Critical,9.3,119
LG,CVE-2016-2429,2016,9,Critical,10,119
LG,CVE-2014-9902,2016,9,Critical,10,119
LG,CVE-2016-3840,2016,9,Critical,10,264
LG,CVE-2015-2686,2016,9,Critical,7.2,264
LG,CVE-2016-3841,2016,9,Critical,7.2,416
LG,CVE-2016-2504,2016,9,Critical,6.9,264
LG,CVE-2016-3842,2016,9,Critical,9.3,264
LG,CVE-2016-3843,2016,9,Critical,9.3,264
LG,CVE-2016-3857,2016,9,Critical,9.3,264
LG,CVE-2016-2474,2016,9,Critical,9.3,
LG,CVE-2016-3863,2016,9,High,6.8,284
LG,CVE-2016-3822,2016,9,High,6.8,119
LG,CVE-2016-3870,2016,9,High,9.3,264
LG,CVE-2016-3871,2016,9,High,9.3,264
LG,CVE-2016-3872,2016,9,High,9.3,119
LG,CVE-2016-3875,2016,9,High,7.2,264
LG,CVE-2016-3876,2016,9,High,7.2,264
LG,CVE-2016-3877,2016,9,High,10,
LG,CVE-2016-3823,2016,9,High,4.6,119
LG,CVE-2016-3899,2016,9,High,7.1,284
LG,CVE-2016-3878,2016,9,High,7.1,284
LG,CVE-2016-3879,2016,9,High,7.1,284
LG,CVE-2016-3880,2016,9,High,7.1,284
LG,CVE-2016-3881,2016,9,High,7.1,119
LG,CVE-2016-2495,2016,9,High,7.1,20
LG,CVE-2014-9863,2016,9,High,9.3,190
LG,CVE-2014-9864,2016,9,High,9.3,20
LG,CVE-2014-9865,2016,9,High,9.3,284
LG,CVE-2014-9866,2016,9,High,9.3,20
LG,CVE-2014-9867,2016,9,High,9.3,264
LG,CVE-2014-9868,2016,9,High,6.9,264
LG,CVE-2014-9869,2016,9,High,9.3,264
LG,CVE-2014-9870,2016,9,High,9.3,264
LG,CVE-2014-9871,2016,9,High,9.3,119
LG,CVE-2014-9872,2016,9,High,6.8,20
LG,CVE-2014-9873,2016,9,High,6.8,264
LG,CVE-2014-9874,2016,9,High,6.8,119
LG,CVE-2014-9875,2016,9,High,6.8,264
LG,CVE-2014-9876,2016,9,High,6.8,189
LG,CVE-2014-9877,2016,9,High,6.8,19
LG,CVE-2014-9878,2016,9,High,6.8,264
LG,CVE-2014-9879,2016,9,High,6.8,264
LG,CVE-2014-9880,2016,9,High,6.8,264
LG,CVE-2014-9881,2016,9,High,6.8,264
LG,CVE-2014-9882,2016,9,High,6.8,119
LG,CVE-2014-9883,2016,9,High,6.8,191
LG,CVE-2014-9884,2016,9,High,6.8,20
LG,CVE-2014-9885,2016,9,High,6.8,264
LG,CVE-2014-9886,2016,9,High,6.8,20
LG,CVE-2014-9887,2016,9,High,9.3,264
LG,CVE-2014-9888,2016,9,High,7.2,264
LG,CVE-2014-9889,2016,9,High,6.8,20
LG,CVE-2014-9890,2016,9,High,9.3,264
LG,CVE-2014-9891,2016,9,High,9.3,264
LG,CVE-2015-8937,2016,9,High,6.8,19
LG,CVE-2015-8938,2016,9,High,9.3,264
LG,CVE-2015-8939,2016,9,High,9.3,264
LG,CVE-2015-8940,2016,9,High,9.3,264
LG,CVE-2015-8941,2016,9,High,9.3,264
LG,CVE-2015-8942,2016,9,High,9.3,264
LG,CVE-2015-8943,2016,9,High,6.8,264
LG,CVE-2016-2544,2016,9,High,4.7,362
LG,CVE-2016-2546,2016,9,High,4.7,362
LG,CVE-2014-9904,2016,9,High,7.2,
LG,CVE-2012-6701,2016,9,High,7.2,
LG,CVE-2016-3844,2016,9,High,9.3,264
LG,CVE-2016-3845,2016,9,High,9.3,264
LG,CVE-2016-3846,2016,9,High,7.6,264
LG,CVE-2016-3847,2016,9,High,6.9,264
LG,CVE-2016-3848,2016,9,High,7.6,264
LG,CVE-2016-3849,2016,9,High,6.9,264
LG,CVE-2016-3850,2016,9,High,6.9,264
LG,CVE-2016-3843,2016,9,High,9.3,264
LG,CVE-2016-3851,2016,9,High,9.3,264
LG,CVE-2014-9892,2016,9,High,4.3,200
LG,CVE-2014-9893,2016,9,High,4.3,200
LG,CVE-2014-9894,2016,9,High,4.3,200
LG,CVE-2014-9895,2016,9,High,4.3,200
LG,CVE-2014-9896,2016,9,High,4.3,200
LG,CVE-2014-9897,2016,9,High,4.3,200
LG,CVE-2014-9898,2016,9,High,4.3,200
LG,CVE-2014-9899,2016,9,High,4.3,200
LG,CVE-2014-9900,2016,9,High,4.3,200
LG,CVE-2015-8944,2016,9,High,4.3,200
LG,CVE-2014-9903,2016,9,High,2.1,200
LG,CVE-2016-3852,2016,9,High,4.3,200
LG,CVE-2016-4482,2016,9,High,2.1,200
LG,CVE-2014-9901,2016,9,High,7.8,284
LG,CVE-2016-3854,2016,9,High,6.8,125
LG,CVE-2016-3855,2016,9,High,6.8,125
LG,CVE-2016-3856,2016,9,High,6.8,19
LG,CVE-2016-3883,2016,9,Medium,4.3,284
LG,CVE-2016-3884,2016,9,Medium,4.3,284
LG,CVE-2016-3885,2016,9,Medium,9.3,264
LG,CVE-2016-3886,2016,9,Medium,7.2,264
LG,CVE-2016-3887,2016,9,Medium,6.8,264
LG,CVE-2016-3888,2016,9,Medium,2.1,264
LG,CVE-2016-3889,2016,9,Medium,7.2,264
LG,CVE-2016-3890,2016,9,Medium,7.6,264
LG,CVE-2016-3891,2016,9,Medium,,
LG,CVE-2016-3833,2016,9,Medium,9.3,264
LG,CVE-2016-3895,2016,9,Medium,4.3,190
LG,CVE-2016-3896,2016,9,Medium,4.3,200
LG,CVE-2016-3897,2016,9,Medium,4.3,200
LG,CVE-2016-3898,2016,9,Medium,4.3,284
LG,CVE-2016-3853,2016,9,Medium,4.9,264
LG,CVE-2016-2497,2016,9,Medium,7.5,119
LG,CVE-2016-4578,2016,9,Medium,2.1,200
LG,CVE-2016-4569,2016,9,Medium,2.1,200
LG,CVE-2016-4578,2016,9,Medium,2.1,200
LG,CVE-2016-2427,2016,9,Low,4.3,200
LG,CVE-2016-3819,2016,8,Critical,7.5,119
LG,CVE-2016-3820,2016,8,Critical,7.5,119
LG,CVE-2016-3821,2016,8,Critical,7.5,476
LG,CVE-2016-2503,2016,8,Critical,9.3,264
LG,CVE-2016-2067,2016,8,Critical,9.3,264
LG,CVE-2016-3768,2016,8,Critical,9.3,264
LG,CVE-2016-3775,2016,8,Critical,9.3,264
LG,CVE-2015-8816,2016,8,Critical,7.2,
LG,CVE-2016-3767,2016,8,Critical,9.3,399
LG,CVE-2016-3770,2016,8,Critical,9.3,264
LG,CVE-2016-3771,2016,8,Critical,9.3,264
LG,CVE-2016-3772,2016,8,Critical,9.3,264
LG,CVE-2016-3773,2016,8,Critical,9.3,264
LG,CVE-2016-3774,2016,8,Critical,9.3,264
LG,CVE-2016-3822,2016,8,High,6.8,119
LG,CVE-2016-3823,2016,8,High,4.6,119
LG,CVE-2016-3824,2016,8,High,4.6,119
LG,CVE-2016-38225,2016,8,High,,
LG,CVE-2016-3826,2016,8,High,4.6,20
LG,CVE-2016-3827,2016,8,High,7.1,172
LG,CVE-2016-3828,2016,8,High,7.1,172
LG,CVE-2016-3829,2016,8,High,7.1,172
LG,CVE-2016-3830,2016,8,High,7.1,20
LG,CVE-2016-3831,2016,8,High,5,20
LG,CVE-2014-9780,2016,8,High,9.3,264
LG,CVE-2015-8892,2016,8,High,9.3,264
LG,CVE-2014-9786,2016,8,High,9.3,119
LG,CVE-2014-9788,2016,8,High,9.3,119
LG,CVE-2014-9779,2016,8,High,9.3,264
LG,CVE-2014-9789,2016,8,High,9.3,264
LG,CVE-2014-9797,2016,8,High,,
LG,CVE-2014-9796,2016,8,High,9.3,264
LG,CVE-2014-9800,2016,8,High,9.3,264
LG,CVE-2014-9799,2016,8,High,9.3,264
LG,CVE-2014-9801,2016,8,High,9.3,189
LG,CVE-2014-9802,2016,8,High,9.3,264
LG,CVE-2015-8891,2016,8,High,9.3,189
LG,CVE-2015-8888,2016,8,High,9.3,264
LG,CVE-2015-8890,2016,8,High,9.3,264
LG,CVE-2016-2502,2016,8,High,9.3,264
LG,CVE-2016-3792,2016,8,High,9.3,264
LG,CVE-2016-2501,2016,8,High,9.3,264
LG,CVE-2016-3802,2016,8,High,9.3,264
LG,CVE-2016-3803,2016,8,High,9.3,264
LG,CVE-2016-3807,2016,8,High,9.3,264
LG,CVE-2016-3808,2016,8,High,9.3,264
LG,CVE-2016-2068,2016,8,High,9.3,119
LG,CVE-2014-9803,2016,8,High,9.3,19
LG,CVE-2016-3809,2016,8,High,4.3,200
LG,CVE-2016-3795,2016,8,High,9.3,264
LG,CVE-2016-3796,2016,8,High,9.3,264
LG,CVE-2016-3798,2016,8,High,9.3,264
LG,CVE-2016-3799,2016,8,High,9.3,264
LG,CVE-2016-3800,2016,8,High,9.3,264
LG,CVE-2016-3801,2016,8,High,9.3,264
LG,CVE-2016-3804,2016,8,High,9.3,264
LG,CVE-2016-3805,2016,8,High,9.3,264
LG,CVE-2016-3806,2016,8,High,9.3,264
LG,CVE-2016-3810,2016,8,High,4.3,200
LG,CVE-2016-3832,2016,8,Medium,8.3,264
LG,CVE-2016-3833,2016,8,Medium,9.3,264
LG,CVE-2016-2842,2016,8,Medium,10,119
LG,CVE-2016-3834,2016,8,Medium,4.3,200
LG,CVE-2016-3835,2016,8,Medium,4.3,200
LG,CVE-2016-3836,2016,8,Medium,4.3,200
LG,CVE-2016-3837,2016,8,Medium,4.3,200
LG,CVE-2016-3838,2016,8,Medium,4.3,284
LG,CVE-2016-3839,2016,8,Medium,4.3,284
LG,CVE-2016-3811,2016,8,Medium,9.3,264
LG,CVE-2016-3813,2016,8,Medium,4.3,200
LG,CVE-2016-0723,2016,8,Medium,5.6,362
LG,CVE-2014-9798,2016,8,Medium,7.1,284
LG,CVE-2015-8893,2016,8,Medium,4.3,119
LG,CVE-2016-3812,2016,8,Medium,4.3,200
LG,CVE-2016-3816,2016,8,Medium,4.3,200
LG,CVE-2016-2506,2016,7,Critical,10,119
LG,CVE-2016-2505,2016,7,Critical,9.3,119
LG,CVE-2016-2507,2016,7,Critical,9.3,119
LG,CVE-2016-2508,2016,7,Critical,9.3,119
LG,CVE-2016-3741,2016,7,Critical,7.5,20
LG,CVE-2016-3742,2016,7,Critical,7.5,20
LG,CVE-2016-3743,2016,7,Critical,7.5,20
LG,CVE-2016-2108,2016,7,Critical,10,119
LG,CVE-2016-3744,2016,7,High,4.3,119
LG,CVE-2016-3751,2016,7,High,7.5,
LG,CVE-2016-3745,2016,7,High,7.5,119
LG,CVE-2016-3746,2016,7,High,7.5,
LG,CVE-2016-3747,2016,7,High,10,
LG,CVE-2016-3748,2016,7,High,7.5,264
LG,CVE-2016-3749,2016,7,High,4.6,255
LG,CVE-2016-3750,2016,7,High,7.5,20
LG,CVE-2016-3752,2016,7,High,7.5,19
LG,CVE-2016-3753,2016,7,High,5,200
LG,CVE-2016-2107,2016,7,High,2.6,310
LG,CVE-2016-3754,2016,7,High,7.8,399
LG,CVE-2016-3755,2016,7,High,7.8,20
LG,CVE-2016-3756,2016,7,High,7.8,20
LG,CVE-2016-3818,2016,7,High,7.1,284
LG,CVE-2016-3757,2016,7,Medium,5.9,20
LG,CVE-2016-3758,2016,7,Medium,9.3,119
LG,CVE-2016-3759,2016,7,Medium,5,200
LG,CVE-2016-3760,2016,7,Medium,5.4,20
LG,CVE-2016-3761,2016,7,Medium,2.1,200
LG,CVE-2016-3762,2016,7,Medium,9.3,264
LG,CVE-2016-3763,2016,7,Medium,5,20
LG,CVE-2016-3764,2016,7,Medium,5,20
LG,CVE-2016-3765,2016,7,Medium,6.4,200
LG,CVE-2016-3766,2016,7,Medium,7.8,20
LG,CVE-2016-2463,2016,6,Critical,7.5,119
LG,CVE-2016-2464,2016,6,Critical,9.3,20
LG,CVE-2016-2465,2016,6,Critical,9.3,
LG,CVE-2016-2466,2016,6,Critical,9.3,
LG,CVE-2016-2467,2016,6,Critical,9.3,
LG,CVE-2016-2468,2016,6,Critical,9.3,
LG,CVE-2016-2062,2016,6,Critical,9.3,20
LG,CVE-2016-2474,2016,6,Critical,9.3,
LG,CVE-2016-2475,2016,6,High,6.8,20
LG,CVE-2016-2066,2016,6,High,9.3,119
LG,CVE-2016-2469,2016,6,High,9.3,
LG,CVE-2016-2476,2016,6,High,9.3,119
LG,CVE-2016-2477,2016,6,High,9.3,20
LG,CVE-2016-2478,2016,6,High,9.3,20
LG,CVE-2016-2479,2016,6,High,9.3,119
LG,CVE-2016-2480,2016,6,High,9.3,20
LG,CVE-2016-2481,2016,6,High,9.3,119
LG,CVE-2016-2482,2016,6,High,9.3,119
LG,CVE-2016-2483,2016,6,High,9.3,119
LG,CVE-2016-2484,2016,6,High,9.3,119
LG,CVE-2016-2485,2016,6,High,9.3,119
LG,CVE-2016-2486,2016,6,High,9.3,20
LG,CVE-2016-2487,2016,6,High,9.3,20
LG,CVE-2016-2061,2016,6,High,9.3,264
LG,CVE-2016-2488,2016,6,High,9.3,264
LG,CVE-2016-2489,2016,6,High,9.3,264
LG,CVE-2016-2490,2016,6,High,9.3,264
LG,CVE-2016-2491,2016,6,High,9.3,264
LG,CVE-2016-2470,2016,6,High,9.3,
LG,CVE-2016-2471,2016,6,High,9.3,
LG,CVE-2016-2472,2016,6,High,9.3,
LG,CVE-2016-2473,2016,6,High,9.3,
LG,CVE-2016-2492,2016,6,High,9.3,264
LG,CVE-2016-2494,2016,6,High,9.3,264
LG,CVE-2016-2493,2016,6,High,9.3,264
LG,CVE-2016-2495,2016,6,High,7.1,20
LG,CVE-2016-2496,2016,6,Medium,10,264
LG,CVE-2016-2498,2016,6,Medium,4.3,200
LG,CVE-2016-2499,2016,6,Medium,4.3,200
LG,CVE-2016-2500,2016,6,Medium,4.3,200
LG,CVE-2016-2428,2016,5,Critical,10,119
LG,CVE-2016-2429,2016,5,Critical,10,119
LG,CVE-2016-2430,2016,5,Critical,9.3,264
LG,CVE-2016-2431,2016,5,Critical,9.3,264
LG,CVE-2016-2432,2016,5,Critical,9.3,264
LG,CVE-2015-0569,2016,5,Critical,9.3,119
LG,CVE-2015-0570,2016,5,Critical,9.3,264
LG,CVE-2015-1805,2016,5,Critical,7.2,17
LG,CVE-2016-2438,2016,5,High,,
LG,CVE-2016-2060,2016,5,High,9.3,264
LG,CVE-2016-2439,2016,5,High,5.4,119
LG,CVE-2016-2440,2016,5,High,9.3,264
LG,CVE-2016-2441,2016,5,High,7.6,264
LG,CVE-2016-2442,2016,5,High,7.6,264
LG,CVE-2016-2443,2016,5,High,7.6,264
LG,CVE-2015-0571,2016,5,High,9.3,284
LG,CVE-2016-4477,2016,5,High,4.4,19
LG,CVE-2016-2448,2016,5,High,9.3,264
LG,CVE-2016-2449,2016,5,High,9.3,264
LG,CVE-2016-2450,2016,5,High,9.3,264
LG,CVE-2016-2451,2016,5,High,9.3,264
LG,CVE-2016-2452,2016,5,High,9.3,264
LG,CVE-2016-2453,2016,5,High,7.6,264
LG,CVE-2016-2454,2016,5,High,7.1,20
LG,CVE-2016-2461,2016,5,Medium,7.6,264
LG,CVE-2016-2462,2016,5,Medium,7.6,264
LG,CVE-2016-0705,2016,5,Medium,10,
LG,CVE-2016-2456,2016,5,Medium,5.1,264
LG,CVE-2016-2457,2016,5,Medium,2.1,264
LG,CVE-2016-2458,2016,5,Medium,4.3,200
LG,CVE-2016-2459,2016,5,Medium,4.3,200
LG,CVE-2016-2460,2016,5,Medium,4.3,200
LG,CVE-2016-0774,2016,5,Low,5.6,20